الجذر,الحرف الأول للجذر,الحرف الثاني للجذر,الحرف الثالث للجذر,الحرف الرابع للجذر,تفعلل,افعنلل,افعللّ
أقلم,أ,ق,ل,م,ل,,
أكسد,أ,ك,س,د,ل,,
أورب,أ,و,ر,ب,ل,,
بأبأ,ب,أ,ب,أ,ل,,
بثأج,ب,ث,أ,ج,,,ل
بجبج,ب,ج,ب,ج,ل,,
بحبح,ب,ح,ب,ح,ك,,
بحتر,ب,ح,ت,ر,ل,,
بحثر,ب,ح,ث,ر,ل,,
بحثن,ب,ح,ث,ن,ل,,
بحلس,ب,ح,ل,س,ل,,
بخبخ,ب,خ,ب,خ,ل,,
بختر,ب,خ,ت,ر,ل,,
بخثر,ب,خ,ث,ر,ل,,
بخدن,ب,خ,د,ن,,ل,
بخصل,ب,خ,ص,ل,ل,,
بخضل,ب,خ,ض,ل,ل,,
بخند,ب,خ,ن,د,,,ل
بخنق,ب,خ,ن,ق,ل,,
بذعر,ب,ذ,ع,ر,ل,,ل
بذقر,ب,ذ,ق,ر,,,ل
برأل,ب,ر,أ,ل,ل,,ل
بربر,ب,ر,ب,ر,ل,,
بربس,ب,ر,ب,س,ل,,
بردع,ب,ر,د,ع,,ل,
برذع,ب,ر,ذ,ع,,ل,
برزق,ب,ر,ز,ق,ل,,
برشق,ب,ر,ش,ق,,ل,
برطل,ب,ر,ط,ل,ل,,
برطم,ب,ر,ط,م,ل,ل,
برعص,ب,ر,ع,ص,ل,,
برعم,ب,ر,ع,م,ل,,
برغش,ب,ر,غ,ش,,,ل
برقح,ب,ر,ق,ح,ل,,
برقش,ب,ر,ق,ش,ل,ل,
برقط,ب,ر,ق,ط,ل,,
برقع,ب,ر,ق,ع,ل,,
بركع,ب,ر,ك,ع,ل,,
برنت,ب,ر,ن,ت,,,ل
برنس,ب,ر,ن,س,ل,,
برهن,ب,ر,ه,ن,ل,,
بزعر,ب,ز,ع,ر,ل,,
بزغر,ب,ز,غ,ر,ل,,
بسبس,ب,س,ب,س,ل,,
بشبش,ب,ش,ب,ش,ل,,
بصبص,ب,ص,ب,ص,ل,,
بطبط,ب,ط,ب,ط,ل,,
بطرق,ب,ط,ر,ق,ل,,
بظرم,ب,ظ,ر,م,ل,,
بعثر,ب,ع,ث,ر,ل,,
بعثق,ب,ع,ث,ق,ل,,
بعرص,ب,ع,ر,ص,ل,,
بعزق,ب,ع,ز,ق,ل,,
بعصص,ب,ع,ص,ص,ل,,
بعضض,ب,ع,ض,ض,ل,,
بعنق,ب,ع,ن,ق,,ل,
بغثر,ب,غ,ث,ر,ل,,
بغدد,ب,غ,د,د,ل,,
بغزل,ب,غ,ز,ل,ل,,
بكبك,ب,ك,ب,ك,ل,,
بلبل,ب,ل,ب,ل,ك,,
بلتع,ب,ل,ت,ع,ل,,
بلخص,ب,ل,خ,ص,ل,,
بلدح,ب,ل,د,ح,ل,ل,
بلدك,ب,ل,د,ك,,ل,
بلسم,ب,ل,س,م,ل,,
بلصق,ب,ل,ص,ق,ل,,
بلصي,ب,ل,ص,ي,,ل,
بلطح,ب,ل,ط,ح,ل,,
بلقع,ب,ل,ق,ع,,ل,
بلقق,ب,ل,ق,ق,,ل,
بلهص,ب,ل,ه,ص,ل,,
بلور,ب,ل,و,ر,ل,,
بهبه,ب,ه,ب,ه,ل,,
بهرج,ب,ه,ر,ج,ل,,
بهرس,ب,ه,ر,س,ل,,
بهرم,ب,ه,ر,م,ل,,
بهصل,ب,ه,ص,ل,ل,,
بهكن,ب,ه,ك,ن,ل,,
بهلس,ب,ه,ل,س,ل,,
بهلص,ب,ه,ل,ص,ل,,
بهلق,ب,ه,ل,ق,ل,,
بهنس,ب,ه,ن,س,ل,,
بيهس,ب,ي,ه,س,ل,,
ترتر,ت,ر,ت,ر,ل,,
تعتع,ت,ع,ت,ع,ل,,
تقتق,ت,ق,ت,ق,ل,,
تلأب,ت,ل,أ,ب,,,ل
تلفز,ت,ل,ف,ز,,,
تلمذ,ت,ل,م,ذ,ك,,
تمأر,ت,م,أ,ر,,,ل
تمأل,ت,م,أ,ل,,,ل
تمهل,ت,م,ه,ل,,,ل
تنبل,ت,ن,ب,ل,,,
تهته,ت,ه,ت,ه,ل,,
ثأثأ,ث,أ,ث,أ,ل,,
ثألل,ث,أ,ل,ل,ل,,
ثبأج,ث,ب,أ,ج,,,ل
ثبأر,ث,ب,أ,ر,,,ل
ثبجر,ث,ب,ج,ر,,,ل
ثجثج,ث,ج,ث,ج,ل,,
ثربج,ث,ر,ب,ج,,ل,
ثرتي,ث,ر,ت,ي,,ل,
ثردي,ث,ر,د,ي,,ل,
ثرطأ,ث,ر,ط,أ,,ل,
ثرمط,ث,ر,م,ط,,ل,ل
ثطعم,ث,ط,ع,م,ل,,
ثعثع,ث,ع,ث,ع,ل,,
ثعجر,ث,ع,ج,ر,,ل,
ثعلب,ث,ع,ل,ب,ل,,
ثفرق,ث,ف,ر,ق,ل,,
ثلثل,ث,ل,ث,ل,ل,,
ثمأد,ث,م,أ,د,,,ل
ثمثم,ث,م,ث,م,ل,,
ثمعد,ث,م,ع,د,,,ل
جأجأ,ج,أ,ج,أ,ل,,
جثأل,ج,ث,أ,ل,,,ل
جثجث,ج,ث,ج,ث,ل,,
جحدر,ج,ح,د,ر,ل,,
جحدل,ج,ح,د,ل,ل,,
جحشش,ج,ح,ش,ش,,ل,
جحفل,ج,ح,ف,ل,ل,,
جخجخ,ج,خ,ج,خ,ل,,
جذأر,ج,ذ,أ,ر,,,ل
جرأش,ج,ر,أ,ش,,,ل
جربل,ج,ر,ب,ل,ل,,
جربي,ج,ر,ب,ي,ل,ل,
جرثم,ج,ر,ث,م,ك,ل,
جرثي,ج,ر,ث,ي,ل,,
جرجر,ج,ر,ج,ر,ك,,
جرجم,ج,ر,ج,م,ل,,
جرشم,ج,ر,ش,م,,ل,
جرعب,ج,ر,ع,ب,,,ل
جرمز,ج,ر,م,ز,ل,,
جسأن,ج,س,أ,ن,,,ل
جعبي,ج,ع,ب,ي,ل,,
جعثم,ج,ع,ث,م,ل,,
جعثن,ج,ع,ث,ن,ل,,
جعجع,ج,ع,ج,ع,ل,,
جفأظ,ج,ف,أ,ظ,,,ل
جفجف,ج,ف,ج,ف,ل,,
جلبب,ج,ل,ب,ب,ل,,
جلجل,ج,ل,ج,ل,ل,,
جلحب,ج,ل,ح,ب,,,ل
جلحم,ج,ل,ح,م,,,ل
جلخب,ج,ل,خ,ب,,,ل
جلخد,ج,ل,خ,د,,,ل
جلخي,ج,ل,خ,ي,,ل,
جلطأ,ج,ل,ط,أ,,ل,
جلطي,ج,ل,ط,ي,,ل,
جلظأ,ج,ل,ظ,أ,,ل,
جلظي,ج,ل,ظ,ي,,ل,
جلعب,ج,ل,ع,ب,,,ل
جلعد,ج,ل,ع,د,,,ل
جلفع,ج,ل,ف,ع,,ل,
جلمد,ج,ل,م,د,ل,,
جمجم,ج,م,ج,م,ل,,
جمهر,ج,م,ه,ر,ل,,
جهجه,ج,ه,ج,ه,ل,,
جهضم,ج,ه,ض,م,ل,,
جورب,ج,و,ر,ب,ل,,
حبأن,ح,ب,أ,ن,,,ل
حبجر,ح,ب,ج,ر,ل,ل,ل
حبطأ,ح,ب,ط,أ,,ل,
حبطي,ح,ب,ط,ي,,ل,
حبكر,ح,ب,ك,ر,ل,,
حتأم,ح,ت,أ,م,,,م
حتحت,ح,ت,ح,ت,ل,,
حترش,ح,ت,ر,ش,ل,,
حثرف,ح,ث,ر,ف,ل,,
حجحج,ح,ج,ح,ج,ل,,
حذأر,ح,ذ,أ,ر,,,ل
حذلق,ح,ذ,ل,ق,ل,,
حذلم,ح,ذ,ل,م,ل,,
حربأ,ح,ر,ب,أ,,ل,
حربي,ح,ر,ب,ي,,ل,
حرجم,ح,ر,ج,م,,ل,
حرشف,ح,ر,ش,ف,ل,,
حرشم,ح,ر,ش,م,,ل,
حرفز,ح,ر,ف,ز,,ل,
حرفش,ح,ر,ف,ش,,ل,
حرفص,ح,ر,ف,ص,ل,,
حرمز,ح,ر,م,ز,ل,,ل
حزحز,ح,ز,ح,ز,ل,,
حسحس,ح,س,ح,س,ل,,
حشأن,ح,ش,أ,ن,,,ل
حشحش,ح,ش,ح,ش,ل,,
حشرج,ح,ش,ر,ج,ل,,
حصحص,ح,ص,ح,ص,ل,,
حصرم,ح,ص,ر,م,ل,,
حظرب,ح,ظ,ر,ب,ل,,
حلحل,ح,ل,ح,ل,ل,,
حلقف,ح,ل,ق,ف,,ل,
حلقم,ح,ل,ق,م,,ل,
حمحم,ح,م,ح,م,ل,,
حمير,ح,م,ي,ر,ل,,
حنبل,ح,ن,ب,ل,ل,,
حنجل,ح,ن,ج,ل,ل,,
حندس,ح,ن,د,س,ل,,
حنطر,ح,ن,ط,ر,ل,,
حنظي,ح,ن,ظ,ي,ل,,
حوصل,ح,و,ص,ل,,ل,
حوقل,ح,و,ق,ل,ل,,
حيفس,ح,ي,ف,س,ل,,
خبأن,خ,ب,أ,ن,,,ل
خبخب,خ,ب,خ,ب,ل,,
خبدد,خ,ب,د,د,,ل,
خبدي,خ,ب,د,ي,,ل,
خبعث,خ,ب,ع,ث,,,ل
خثعم,خ,ث,ع,م,ل,,
خذرف,خ,ذ,ر,ف,ك,,
خذلج,خ,ذ,ل,ج,ل,,
خربط,خ,ر,ب,ط,ل,,
خربق,خ,ر,ب,ق,,ل,
خرخر,خ,ر,خ,ر,ل,,
خرشم,خ,ر,ش,م,,ل,
خرطم,خ,ر,ط,م,,ل,
خرفج,خ,ر,ف,ج,,ل,
خرفق,خ,ر,ف,ق,,ل,
خرمس,خ,ر,م,س,,ل,ل
خرمص,خ,ر,م,ص,,ل,ل
خرمق,خ,ر,م,ق,,,ل
خرمل,خ,ر,م,ل,ل,,
خزبز,خ,ز,ب,ز,ل,,
خزلج,خ,ز,ل,ج,ل,,
خشخش,خ,ش,خ,ش,ل,,
خضأل,خ,ض,أ,ل,,,ل
خضخض,خ,ض,خ,ض,ل,,
خضرع,خ,ض,ر,ع,ل,,
خضرم,خ,ض,ر,م,ل,,
خضعب,خ,ض,ع,ب,ل,,
خضلب,خ,ض,ل,ب,ل,,
خطخط,خ,ط,خ,ط,ل,,
خطرف,خ,ط,ر,ف,ك,,
خلبص,خ,ل,ب,ص,ل,,
خلخل,خ,ل,خ,ل,ل,,
خنبص,خ,ن,ب,ص,ل,,
خندق,خ,ن,د,ق,ل,,
خنذذ,خ,ن,ذ,ذ,ل,,
خنذي,خ,ن,ذ,ي,ل,,
خنظي,خ,ن,ظ,ي,ل,,
خيعل,خ,ي,ع,ل,ل,,
دأدأ,د,أ,د,أ,ل,,
دجدج,د,ج,د,ج,ل,,
دحدر,د,ح,د,ر,ل,,
دحرج,د,ح,ر,ج,ل,,
دحلم,د,ح,ل,م,ل,,
دخدخ,د,خ,د,خ,ل,,
دربأ,د,ر,ب,أ,ل,,
دربس,د,ر,ب,س,ل,,
دربك,د,ر,ب,ك,ل,,
دربي,د,ر,ب,ي,ل,,
دردر,د,ر,د,ر,ل,,
درعب,د,ر,ع,ب,,,ل
درعش,د,ر,ع,ش,,,ل
درعف,د,ر,ع,ف,,,ل
درغش,د,ر,غ,ش,,,ل
درفق,د,ر,ف,ق,,ل,
درقع,د,ر,ق,ع,,ك,
درمج,د,ر,م,ج,,,ل
درهم,د,ر,ه,م,,,ل
دروش,د,ر,و,ش,ل,,
دعدع,د,ع,د,ع,ل,,
دعكر,د,ع,ك,ر,,ل,
دعكس,د,ع,ك,س,ل,,
دكدك,د,ك,د,ك,ل,,
دلأم,د,ل,أ,م,,,ل
دلدل,د,ل,د,ل,ل,,
دلظي,د,ل,ظ,ي,ل,ل,
دلعف,د,ل,ع,ف,,,ل
دلغف,د,ل,غ,ف,,,ل
دلمز,د,ل,م,ز,ل,,
دلمس,د,ل,م,س,,,ل
دلمص,د,ل,م,ص,ل,,
دلهم,د,ل,ه,م,,,ل
دمدم,د,م,د,م,ل,,
دمشق,د,م,ش,ق,ل,,
دملك,د,م,ل,ك,ل,,
دهدم,د,ه,د,م,ل,,
دهده,د,ه,د,ه,ل,,
دهدي,د,ه,د,ي,ل,,
دهقن,د,ه,ق,ن,ل,,
دهكر,د,ه,ك,ر,ل,,
دهكم,د,ه,ك,م,ل,,
دهور,د,ه,و,ر,ل,,
ذأذأ,ذ,أ,ذ,أ,ل,,
ذبذب,ذ,ب,ذ,ب,ل,,
ذحلم,ذ,ح,ل,م,ل,,
ذرعف,ذ,ر,ع,ف,,,ل
ذرفق,ذ,ر,ف,ق,,ل,
ذعذع,ذ,ع,ذ,ع,ل,,
ذعلب,ذ,ع,ل,ب,ل,,
ذلذل,ذ,ل,ذ,ل,ل,,
ذلعب,ذ,ل,ع,ب,,,ل
ذلغف,ذ,ل,غ,ف,,,ل
رأبل,ر,أ,ب,ل,ل,,
ربأث,ر,ب,أ,ث,,,ل
رثعن,ر,ث,ع,ن,,,ل
رجحن,ر,ج,ح,ن,,,ل
رجرج,ر,ج,ر,ج,ل,,
رجعن,ر,ج,ع,ن,,,ل
رحرح,ر,ح,ر,ح,ل,,
ردعف,ر,د,ع,ف,,,ل
رزأم,ر,ز,أ,م,,,ل
رشرش,ر,ش,ر,ش,ل,,
رضرض,ر,ض,ر,ض,ل,,
رعبل,ر,ع,ب,ل,ل,,
رعدد,ر,ع,د,د,ل,,
رعرع,ر,ع,ر,ع,ل,,
رغلد,ر,غ,ل,د,,,ل
رفأن,ر,ف,أ,ن,,,ل
رفرف,ر,ف,ر,ف,ل,,
رقرق,ر,ق,ر,ق,ل,,
ركرك,ر,ك,ر,ك,ك,,
رمأد,ر,م,أ,د,,,ل
رمأز,ر,م,أ,ز,,,ل
رمرم,ر,م,ر,م,ل,,
رمعل,ر,م,ع,ل,,,ل
رمغل,ر,م,غ,ل,,,ل
رمغن,ر,م,غ,ن,,,ل
رمهز,ر,م,ه,ز,,,ل
رهره,ر,ه,ر,ه,ل,,
رهشش,ر,ه,ش,ش,ل,,
رهوك,ر,ه,و,ك,ل,,
رهيأ,ر,ه,ي,أ,ل,,
زأزأ,ز,أ,ز,أ,ل,,
زبأر,ز,ب,أ,ر,,,ل
زبتر,ز,ب,ت,ر,ل,,
زبعر,ز,ب,ع,ر,ل,,
زبغل,ز,ب,غ,ل,,,ل
زحزح,ز,ح,ز,ح,ل,,
زحلف,ز,ح,ل,ف,ل,,ل
زحلق,ز,ح,ل,ق,ل,,
زحول,ز,ح,و,ل,ل,,
زخرف,ز,خ,ر,ف,ل,,
زخور,ز,خ,و,ر,ل,,
زرأم,ز,ر,أ,م,,,ل
زرزر,ز,ر,ز,ر,ل,,
زرقف,ز,ر,ق,ف,,ل,
زرنق,ز,ر,ن,ق,ل,,
زعبق,ز,ع,ب,ق,ل,,
زعزع,ز,ع,ز,ع,ل,,
زعفر,ز,ع,ف,ر,ل,,
زغزغ,ز,غ,ز,غ,ل,,
زفزف,ز,ف,ز,ف,ل,,
زكزك,ز,ك,ز,ك,ل,,
زلأم,ز,ل,أ,م,,,ل
زلحب,ز,ل,ح,ب,ل,,
زلحف,ز,ل,ح,ف,ل,,ل
زلزل,ز,ل,ز,ل,ل,,
زلعب,ز,ل,ع,ب,,,ل
زلغب,ز,ل,غ,ب,,,ل
زمأت,ز,م,أ,ت,,,ل
زمأج,ز,م,أ,ج,,,ل
زمأر,ز,م,أ,ر,,,ل
زمأك,ز,م,أ,ك,,,ل
زمجر,ز,م,ج,ر,ل,,ل
زمخر,ز,م,خ,ر,ل,,ل
زمزم,ز,م,ز,م,ل,,
زمهر,ز,م,ه,ر,,,ل
زمهل,ز,م,ه,ل,ل,,ل
زنتر,ز,ن,ت,ر,ل,,
زندق,ز,ن,د,ق,ل,,
زهلج,ز,ه,ل,ج,ل,,
زهلق,ز,ه,ل,ق,ل,,
زهنع,ز,ه,ن,ع,ل,,
زهوك,ز,ه,و,ك,ل,,
زورق,ز,و,ر,ق,ل,,
زيأن,ز,ي,أ,ن,,,ل
سأسأ,س,أ,س,أ,ل,,
سبأر,س,ب,أ,ر,,,ل
سبسب,س,ب,س,ب,ل,,
سبطر,س,ب,ط,ر,,,ل
سبغل,س,ب,غ,ل,,,ل
سبكر,س,ب,ك,ر,,,ل
سجهر,س,ج,ه,ر,,,ل
سحسح,س,ح,س,ح,ل,,
سحطر,س,ح,ط,ر,,ل,
سحفر,س,ح,ف,ر,,ل,
سحكك,س,ح,ك,ك,,ل,
سربل,س,ر,ب,ل,ل,,
سردك,س,ر,د,ك,ل,,
سردي,س,ر,د,ي,,م,
سرسر,س,ر,س,ر,ل,,
سرطن,س,ر,ط,ن,ل,,
سرعف,س,ر,ع,ف,ل,,
سرمط,س,ر,م,ط,ل,,
سرول,س,ر,و,ل,ل,,
سعبب,س,ع,ب,ب,ل,,
سعسع,س,ع,س,ع,ل,,
سغبل,س,غ,ب,ل,ل,,
سغسغ,س,غ,س,غ,ل,,
سفسف,س,ف,س,ف,ل,,
سكسك,س,ك,س,ك,ل,,
سلحب,س,ل,ح,ب,,,ل
سلحد,س,ل,ح,د,,,ل
سلسل,س,ل,س,ل,ل,,
سلطأ,س,ل,ط,أ,,ل,
سلطح,س,ل,ط,ح,,ل,
سلطع,س,ل,ط,ع,,ل,
سلطن,س,ل,ط,ن,ل,,
سلغب,س,ل,غ,ب,,,ل
سلقع,س,ل,ق,ع,,ل,
سلقي,س,ل,ق,ي,ل,ل,
سلهب,س,ل,ه,ب,,,ل
سلهم,س,ل,ه,م,,,ل
سمأد,س,م,أ,د,,,ل
سمأل,س,م,أ,ل,,,ل
سمدر,س,م,د,ر,,,ل
سمعد,س,م,ع,د,,,ل
سمعط,س,م,ع,ط,,,ل
سمغد,س,م,غ,د,,,ل
سمهد,س,م,ه,د,,,ل
سمهر,س,م,ه,ر,,,ل
سهوك,س,ه,و,ك,ل,,
سيطر,س,ي,ط,ر,ل,,
شأشأ,ش,أ,ش,أ,ل,,
شحأن,ش,ح,أ,ن,,,ل
شرأب,ش,ر,أ,ب,,,ل
شرحف,ش,ر,ح,ف,ل,,ل
شرذم,ش,ر,ذ,م,ل,,
شرنق,ش,ر,ن,ق,ل,,
شعأل,ش,ع,أ,ل,,,ل
شعشع,ش,ع,ش,ع,ل,,
شغبر,ش,غ,ب,ر,ل,,
شغزب,ش,غ,ز,ب,ل,,
شفتر,ش,ف,ت,ر,,,ل
شفشف,ش,ف,ش,ف,ل,,
شلشل,ش,ل,ش,ل,ل,,
شمأز,ش,م,أ,ز,,,ك
شمخر,ش,م,خ,ر,,,ل
شمعد,ش,م,ع,د,,,ل
شمعط,ش,م,ع,ط,,,ل
شمعل,ش,م,ع,ل,,,ل
شمهل,ش,م,ه,ل,,,ل
شهجب,ش,ه,ج,ب,ل,,
شيطن,ش,ي,ط,ن,ل,,
شيظم,ش,ي,ظ,م,ل,,
صأصأ,ص,أ,ص,أ,ل,,
صبصب,ص,ب,ص,ب,ك,,
صتقر,ص,ت,ق,ر,,,ل
صرأب,ص,ر,أ,ب,,,ل
صطقر,ص,ط,ق,ر,,,ل
صعرر,ص,ع,ر,ر,ل,ل,ل
صعصع,ص,ع,ص,ع,ل,,
صعفر,ص,ع,ف,ر,ل,ل,
صعلك,ص,ع,ل,ك,ل,,
صفتت,ص,ف,ت,ت,ل,,
صقعر,ص,ق,ع,ر,,,ل
صلخد,ص,ل,خ,د,,,ل
صلخم,ص,ل,خ,م,,,ل
صلصل,ص,ل,ص,ل,ل,,
صلطح,ص,ل,ط,ح,,ل,
صلهب,ص,ل,ه,ب,,,ل
صلهم,ص,ل,ه,م,,,ل
صمأك,ص,م,أ,ك,,,ل
صمأل,ص,م,أ,ل,,,ل
صمخد,ص,م,خ,د,,,ل
صمعد,ص,م,ع,د,,,ل
صمقر,ص,م,ق,ر,,,ل
صمهل,ص,م,ه,ل,,,ل
صندل,ص,ن,د,ل,ل,,
صهمم,ص,ه,م,م,ل,,
صيطر,ص,ي,ط,ر,ل,,
ضجحر,ض,ج,ح,ر,,,ل
ضحضح,ض,ح,ض,ح,ل,,
ضرغط,ض,ر,غ,ط,,,ل
ضرغم,ض,ر,غ,م,ل,,
ضرفط,ض,ر,ف,ط,ل,,
ضرهز,ض,ر,ه,ز,,,ل
ضعضع,ض,ع,ض,ع,ل,,
ضفأد,ض,ف,أ,د,,,ل
ضكضك,ض,ك,ض,ك,ل,,
ضمأك,ض,م,أ,ك,,,ل
ضمحل,ض,م,ح,ل,,,ل
ضمحن,ض,م,ح,ن,,,ل
ضوكع,ض,و,ك,ع,ل,,
ضيزن,ض,ي,ز,ن,ل,,
طأطأ,ط,أ,ط,أ,ل,,
طبطب,ط,ب,ط,ب,ل,,
طحطح,ط,ح,ط,ح,ل,,
طخطخ,ط,خ,ط,خ,ل,,
طرثث,ط,ر,ث,ث,ل,,
طرخم,ط,ر,خ,م,,,ل
طرغش,ط,ر,غ,ش,,,ل
طرغم,ط,ر,غ,م,,,ل
طرفس,ط,ر,ف,س,,,ل
طرفش,ط,ر,ف,ش,ل,,
طرمس,ط,ر,م,س,,,ل
طرهم,ط,ر,ه,م,,,ل
طريم,ط,ر,ي,م,ل,,
طفأن,ط,ف,أ,ن,,,ل
طلحب,ط,ل,ح,ب,,,ل
طلخم,ط,ل,خ,م,,,ل
طلفأ,ط,ل,ف,أ,,ل,
طلمس,ط,ل,م,س,ل,,ل
طليس,ط,ل,ي,س,ل,,
طمأن,ط,م,أ,ن,ل,,ل
طمحر,ط,م,ح,ر,,,ل
طنثر,ط,ن,ث,ر,ل,,
طهلس,ط,ه,ل,س,ل,,
طهمل,ط,ه,م,ل,ل,,
طيلس,ط,ي,ل,س,ل,,
عبدد,ع,ب,د,د,ل,,
عبشم,ع,ب,ش,م,ل,,
عبعب,ع,ب,ع,ب,م,,
عبقس,ع,ب,ق,س,ل,,
عبقي,ع,ب,ق,ي,,ل,
عترف,ع,ت,ر,ف,ل,,
عتعت,ع,ت,ع,ت,ل,,
عتور,ع,ت,و,ر,ل,,
عثكل,ع,ث,ك,ل,ل,,
عثلب,ع,ث,ل,ب,ل,,
عجرف,ع,ج,ر,ف,ك,,
عجلد,ع,ج,ل,د,ل,,
عجهن,ع,ج,ه,ن,ل,,
عذفر,ع,ذ,ف,ر,ل,,
عذلق,ع,ذ,ل,ق,ل,,
عرجج,ع,ر,ج,ج,,ل,
عرزم,ع,ر,ز,م,,ل,
عرعر,ع,ر,ع,ر,ل,,
عرفز,ع,ر,ف,ز,,ل,
عرفط,ع,ر,ف,ط,,ل,
عرقب,ع,ر,ق,ب,ك,,
عرقل,ع,ر,ق,ل,ل,,
عركس,ع,ر,ك,س,,ل,
عروش,ع,ر,و,ش,ل,,
عزرن,ع,ز,ر,ن,ل,,
عسعس,ع,س,ع,س,ل,,
عسكر,ع,س,ك,ر,ل,,
عشنط,ع,ش,ن,ط,ل,,
عصفر,ع,ص,ف,ر,ل,,
عصود,ع,ص,و,د,ل,,
عضأل,ع,ض,أ,ل,,,ل
عطأل,ع,ط,أ,ل,,,ل
عظأل,ع,ظ,أ,ل,,,ل
عظعظ,ع,ظ,ع,ظ,ل,,
عظلم,ع,ظ,ل,م,ل,,
عفجج,ع,ف,ج,ج,,ل,
عفرت,ع,ف,ر,ت,ل,,
عفقس,ع,ف,ق,س,,ل,
عقبل,ع,ق,ب,ل,م,,
عقرب,ع,ق,ر,ب,ل,,
عقفر,ع,ق,ف,ر,ل,ل,
عكبس,ع,ك,ب,س,ل,,
عكبش,ع,ك,ب,ش,ل,,
علبي,ع,ل,ب,ي,,ل,
علدي,ع,ل,د,ي,,ل,
علعل,ع,ل,ع,ل,ل,,
علكس,ع,ل,ك,س,,ل,
علكك,ع,ل,ك,ك,,ل,
علمن,ع,ل,م,ن,ل,,
علوط,ع,ل,و,ط,م,,
عنبس,ع,ن,ب,س,ل,,
عنتر,ع,ن,ت,ر,ك,,
عنشط,ع,ن,ش,ط,م,,
عنفص,ع,ن,ف,ص,ل,,
عنقد,ع,ن,ق,د,ل,,
عنقش,ع,ن,ق,ش,ل,,
عنكث,ع,ن,ك,ث,ل,,
عنكش,ع,ن,ك,ش,ل,,
عيهر,ع,ي,ه,ر,ل,,
غترف,غ,ت,ر,ف,ل,,
غذرف,غ,ذ,ر,ف,ل,,
غذرم,غ,ذ,ر,م,ك,,
غذغذ,غ,ذ,غ,ذ,ل,,
غذمر,غ,ذ,م,ر,ل,,
غربن,غ,ر,ب,ن,ل,,
غردي,غ,ر,د,ي,,ك,
غرشم,غ,ر,ش,م,,ل,
غرغر,غ,ر,غ,ر,ل,,
غشرم,غ,ش,ر,م,م,,
غشمر,غ,ش,م,ر,ك,,
غضأل,غ,ض,أ,ل,,,ل
غضغض,غ,ض,غ,ض,ل,,
غطأل,غ,ط,أ,ل,,,ل
غطرس,غ,ط,ر,س,ل,,
غطرش,غ,ط,ر,ش,ل,,
غطرف,غ,ط,ر,ف,ل,,
غطغط,غ,ط,غ,ط,ل,,
غطمش,غ,ط,م,ش,ل,,
غطمط,غ,ط,م,ط,ل,,
غلتي,غ,ل,ت,ي,,ل,
غلثي,غ,ل,ث,ي,,ل,
غلغل,غ,ل,غ,ل,ل,,
غمغم,غ,م,غ,م,ل,,
غنثر,غ,ن,ث,ر,ل,,
غندر,غ,ن,د,ر,ل,,
فتفت,ف,ت,ف,ت,ل,,
فجعن,ف,ج,ع,ن,ل,,
فذلك,ف,ذ,ل,ك,ل,,
فربج,ف,ر,ب,ج,,ل,
فرجم,ف,ر,ج,م,,ل,
فرزع,ف,ر,ز,ع,ل,,
فرزن,ف,ر,ز,ن,ل,,
فرسخ,ف,ر,س,خ,ل,ل,
فرشح,ف,ر,ش,ح,ل,,
فرعن,ف,ر,ع,ن,ل,,
فرقع,ف,ر,ق,ع,ل,ل,
فرنج,ف,ر,ن,ج,ل,,
فرنق,ف,ر,ن,ق,ل,,
فرهد,ف,ر,ه,د,ل,,
فصفص,ف,ص,ف,ص,ل,,
فضفض,ف,ض,ف,ض,ل,,
فعفع,ف,ع,ف,ع,ل,,
فلحس,ف,ل,ح,س,ل,,
فلسف,ف,ل,س,ف,ل,,
فلطح,ف,ل,ط,ح,ل,,
فلطس,ف,ل,ط,س,ل,,
فلفل,ف,ل,ف,ل,ل,,
فلقح,ف,ل,ق,ح,ل,,
فنشخ,ف,ن,ش,خ,ل,,
فيجس,ف,ي,ج,س,ل,,
فيحس,ف,ي,ح,س,ل,,
فيحق,ف,ي,ح,ق,ل,,
فيسج,ف,ي,س,ج,ل,,
فيلق,ف,ي,ل,ق,ل,,
فيلم,ف,ي,ل,م,ل,,
فيهر,ف,ي,ه,ر,ل,,
فيهق,ف,ي,ه,ق,ل,,
قبأن,ق,ب,أ,ن,,,ل
قبقب,ق,ب,ق,ب,ل,,
قحدم,ق,ح,د,م,ل,,
قحذم,ق,ح,ذ,م,ك,,
قحزل,ق,ح,ز,ل,ل,,
قحزم,ق,ح,ز,م,ل,,
قحلز,ق,ح,ل,ز,ل,,
قدحر,ق,د,ح,ر,,,ل
قذعر,ق,ذ,ع,ر,,,ل
قذعل,ق,ذ,ع,ل,,,ل
قذقذ,ق,ذ,ق,ذ,ل,,
قربع,ق,ر,ب,ع,,ل,
قرثع,ق,ر,ث,ع,ل,,
قردح,ق,ر,د,ح,,ل,
قرشع,ق,ر,ش,ع,,ل,
قرصع,ق,ر,ص,ع,ل,ل,
قرصف,ق,ر,ص,ف,ل,ل,
قرطب,ق,ر,ط,ب,ل,,
قرطس,ق,ر,ط,س,ل,,
قرطق,ق,ر,ط,ق,ل,,
قرعب,ق,ر,ع,ب,,,ل
قرعث,ق,ر,ع,ث,ل,,
قرعف,ق,ر,ع,ف,ل,,ل
قرفص,ق,ر,ف,ص,ل,,
قرفط,ق,ر,ف,ط,,ل,
قرفع,ق,ر,ف,ع,ل,ل,
قرقس,ق,ر,ق,س,ل,,
قرقف,ق,ر,ق,ف,ل,,
قرقم,ق,ر,ق,م,ل,,
قرمص,ق,ر,م,ص,م,,
قرمط,ق,ر,م,ط,ل,ل,ل
قسأن,ق,س,أ,ن,,,ل
قسقس,ق,س,ق,س,م,,
قشعر,ق,ش,ع,ر,ل,,ل
قشقش,ق,ش,ق,ش,ل,,
قصأل,ق,ص,أ,ل,,,ل
قصعل,ق,ص,ع,ل,,,ل
قصقص,ق,ص,ق,ص,م,,
قضقض,ق,ض,ق,ض,ل,,
قطرب,ق,ط,ر,ب,ل,,
قطعر,ق,ط,ع,ر,,,ل
قطقط,ق,ط,ق,ط,ل,,
قعأل,ق,ع,أ,ل,,,ل
قعبي,ق,ع,ب,ي,,ل,
قعثل,ق,ع,ث,ل,ل,,
قعدد,ق,ع,د,د,,ل,
قعسس,ق,ع,س,س,,ل,
قعصر,ق,ع,ص,ر,,ل,
قعطر,ق,ع,ط,ر,,,ل
قعطن,ق,ع,ط,ن,,,ل
قعفز,ق,ع,ف,ز,ل,ل,
قعقع,ق,ع,ق,ع,ك,,
قعنس,ق,ع,ن,س,ل,,
قعوش,ق,ع,و,ش,ل,,
قعوط,ق,ع,و,ط,ل,,
قفشش,ق,ف,ش,ش,,ل,
قفعل,ق,ف,ع,ل,ل,,ل
قفقف,ق,ف,ق,ف,ل,,
قلحم,ق,ل,ح,م,,,ل
قلزم,ق,ل,ز,م,ك,,
قلسي,ق,ل,س,ي,ل,,
قلعث,ق,ل,ع,ث,ل,,ل
قلعد,ق,ل,ع,د,,,ل
قلعط,ق,ل,ع,ط,,,ل
قلعف,ق,ل,ع,ف,,,ل
قلعم,ق,ل,ع,م,,,ل
قلقل,ق,ل,ق,ل,ل,,
قلنس,ق,ل,ن,س,ل,,
قمطر,ق,م,ط,ر,,,ل
قمعد,ق,م,ع,د,,,ل
قمعط,ق,م,ع,ط,,,ل
قمقم,ق,م,ق,م,ك,,
قمهد,ق,م,ه,د,,,ل
قنسر,ق,ن,س,ر,ل,,
قنطر,ق,ن,ط,ر,ل,,
قنفذ,ق,ن,ف,ذ,ك,,
قنفش,ق,ن,ف,ش,ل,,
قنفع,ق,ن,ف,ع,ل,,
قهقر,ق,ه,ق,ر,ل,,
قهوس,ق,ه,و,س,ل,,
قوصر,ق,و,ص,ر,ل,,
قوعس,ق,و,ع,س,ل,,
قوقس,ق,و,ق,س,ل,,
قوقع,ق,و,ق,ع,ل,,
قولب,ق,و,ل,ب,ل,,
كأكأ,ك,أ,ك,أ,ل,,
كأود,ك,أ,و,د,,,ل
كأول,ك,أ,و,ل,,,ل
كبأن,ك,ب,أ,ن,,,ل
كبكب,ك,ب,ك,ب,ل,,
كتأن,ك,ت,أ,ن,,,ل
كتكت,ك,ت,ك,ت,ل,,
كدكد,ك,د,ك,د,ك,,
كربس,ك,ر,ب,س,ل,,
كربش,ك,ر,ب,ش,ل,,
كربع,ك,ر,ب,ع,ل,,
كرتب,ك,ر,ت,ب,ل,,
كرتح,ك,ر,ت,ح,ل,,
كرتع,ك,ر,ت,ع,ل,,
كرثأ,ك,ر,ث,أ,ل,,
كردح,ك,ر,د,ح,ل,,
كردس,ك,ر,د,س,ل,,
كردم,ك,ر,د,م,ل,,
كرسف,ك,ر,س,ف,ل,,
كرفأ,ك,ر,ف,أ,ل,,
كرفس,ك,ر,ف,س,ل,,
كركب,ك,ر,ك,ب,ل,,
كركر,ك,ر,ك,ر,ل,,
كركس,ك,ر,ك,س,ل,,
كرمش,ك,ر,م,ش,ل,,
كرنث,ك,ر,ن,ث,ل,,
كرهف,ك,ر,ه,ف,,,ل
كظكظ,ك,ظ,ك,ظ,ل,,
كعبر,ك,ع,ب,ر,ل,,
كعبش,ك,ع,ب,ش,ل,,
كعثب,ك,ع,ث,ب,ل,,
كعكع,ك,ع,ك,ع,ل,,
كعمز,ك,ع,م,ز,ل,,
كعنش,ك,ع,ن,ش,ل,,
كفكف,ك,ف,ك,ف,ل,,
كفهر,ك,ف,ه,ر,,,ل
كلأز,ك,ل,أ,ز,,,ل
كلدد,ك,ل,د,د,,ل,
كلدي,ك,ل,د,ي,,ل,
كمكم,ك,م,ك,م,ل,,
كمهل,ك,م,ه,ل,ل,,ل
كنبت,ك,ن,ب,ت,ل,,
كنبش,ك,ن,ب,ش,ل,,
كنثر,ك,ن,ث,ر,ل,,
كهأب,ك,ه,أ,ب,,,ل
كهرب,ك,ه,ر,ب,ل,,
كهكه,ك,ه,ك,ه,ل,,
كوأد,ك,و,أ,د,,,ل
كوأل,ك,و,أ,ل,,,ل
كوثر,ك,و,ث,ر,ل,,
كوسج,ك,و,س,ج,ل,,
كوهد,ك,و,ه,د,ل,,ل
لألأ,ل,أ,ل,أ,ل,,
لثلث,ل,ث,ل,ث,ل,,
لجلج,ل,ج,ل,ج,ك,,
لحلح,ل,ح,ل,ح,ل,,
لخبط,ل,خ,ب,ط,ل,,
لخلخ,ل,خ,ل,خ,ل,,
لزلز,ل,ز,ل,ز,ل,,
لظلظ,ل,ظ,ل,ظ,ل,,
لعثم,ل,ع,ث,م,ل,,
لعلع,ل,ع,ل,ع,ل,,
لغذم,ل,غ,ذ,م,ل,,
لفلف,ل,ف,ل,ف,ل,,
لقلق,ل,ق,ل,ق,ل,,
لملم,ل,م,ل,م,ل,,
لهجم,ل,ه,ج,م,ل,,
لهذم,ل,ه,ذ,م,م,,
لهلأ,ل,ه,ل,أ,ل,,
لهله,ل,ه,ل,ه,ك,,
لهمج,ل,ه,م,ج,م,,
لهوج,ل,ه,و,ج,م,,
لهوق,ل,ه,و,ق,ل,,
لهيع,ل,ه,ي,ع,ل,,
لولب,ل,و,ل,ب,ل,,
مثمث,م,ث,م,ث,ل,,
مجمج,م,ج,م,ج,ل,,
محلس,م,ح,ل,س,ل,,
محمح,م,ح,م,ح,ل,,
محور,م,ح,و,ر,ل,,
مخطر,م,خ,ط,ر,ل,,
مخمخ,م,خ,م,خ,ل,,
مدرع,م,د,ر,ع,ل,,
مدين,م,د,ي,ن,ل,,
مذأل,م,ذ,أ,ل,ل,,
مذقر,م,ذ,ق,ر,ل,,ل
مذهب,م,ذ,ه,ب,ل,,
مرأي,م,ر,أ,ي,ل,,
مرجح,م,ر,ج,ح,ل,,
مرجل,م,ر,ج,ل,ل,,
مرحل,م,ر,ح,ل,ل,,
مرخد,م,ر,خ,د,,,ل
مرقع,م,ر,ق,ع,ل,,
مركز,م,ر,ك,ز,ل,,
مركس,م,ر,ك,س,ل,,
مرمر,م,ر,م,ر,ل,,
مرمغ,م,ر,م,غ,ل,,
مرهم,م,ر,ه,م,ل,,
مزمز,م,ز,م,ز,ل,,
مزهل,م,ز,ه,ل,,,ل
مسحر,م,س,ح,ر,ل,,
مسخر,م,س,خ,ر,ل,,
مسطر,م,س,ط,ر,ل,,
مسكن,م,س,ك,ن,ل,,
مسلم,م,س,ل,م,ل,,
مشور,م,ش,و,ر,ل,,
مشيخ,م,ش,ي,خ,ل,,
مصمص,م,ص,م,ص,ل,,
مضحل,م,ض,ح,ل,,,ل
مضحن,م,ض,ح,ن,,,ل
مضمض,م,ض,م,ض,ل,,
مطمط,م,ط,م,ط,ل,,
مطوح,م,ط,و,ح,ل,,
مظهر,م,ظ,ه,ر,ل,,
معدد,م,ع,د,د,ل,,
معزز,م,ع,ز,ز,ل,,
مغمغ,م,غ,م,غ,ل,,
مغنط,م,غ,ن,ط,ل,,
مقحس,م,ق,ح,س,ل,,
مقمق,م,ق,م,ق,ك,,
مكمك,م,ك,م,ك,ك,,
ملأج,م,ل,أ,ج,,,ل
ململ,م,ل,م,ل,ل,,
مندل,م,ن,د,ل,ل,,
منطق,م,ن,ط,ق,ل,,
مهجر,م,ه,ج,ر,ل,,
مهمز,م,ه,م,ز,ل,,
مهمه,م,ه,م,ه,ل,,
موضع,م,و,ض,ع,ل,,
موطن,م,و,ط,ن,ل,,
نأنأ,ن,أ,ن,أ,ل,,
نجنج,ن,ج,ن,ج,ل,,
نحنح,ن,ح,ن,ح,ك,,
نخنخ,ن,خ,ن,خ,ل,,
نشنش,ن,ش,ن,ش,ك,,
نضنض,ن,ض,ن,ض,م,,
نطنط,ن,ط,ن,ط,ل,,
نعنع,ن,ع,ن,ع,ل,,
نغبق,ن,غ,ب,ق,ل,,
نمرد,ن,م,ر,د,ل,,
نهنه,ن,ه,ن,ه,ل,,
نههل,ن,ه,ه,ل,ل,,
هبرس,ه,ب,ر,س,ل,,
هبرم,ه,ب,ر,م,ل,,
هبقع,ه,ب,ق,ع,,ل,
هبهب,ه,ب,ه,ب,ل,,
هجهج,ه,ج,ه,ج,ل,,
هدكر,ه,د,ك,ر,ل,,
هدهد,ه,د,ه,د,ل,,
هذخر,ه,ذ,خ,ر,ل,,
هذكر,ه,ذ,ك,ر,ل,,
هرشف,ه,ر,ش,ف,ك,,ل
هرمع,ه,ر,م,ع,,,ل
هرهر,ه,ر,ه,ر,ل,,
هروز,ه,ر,و,ز,ل,,
هزهز,ه,ز,ه,ز,ل,,
هسهس,ه,س,ه,س,ل,,
هشهش,ه,ش,ه,ش,ل,,
هطرس,ه,ط,ر,س,ل,,
هطلأ,ه,ط,ل,أ,ل,,
هطلس,ه,ط,ل,س,ل,,
هفهف,ه,ف,ه,ف,ل,,
هكهك,ه,ك,ه,ك,ل,,
هلهل,ه,ل,ه,ل,ل,,
همأك,ه,م,أ,ك,,,ل
هنبس,ه,ن,ب,س,ل,,
هندس,ه,ن,د,س,ل,,
هندم,ه,ن,د,م,ل,,
هوأن,ه,و,أ,ن,,,ل
هيعر,ه,ي,ع,ر,ل,,
وحوح,و,ح,و,ح,ل,,
وشوش,و,ش,و,ش,ل,,
وطوط,و,ط,و,ط,ل,,
وكوك,و,ك,و,ك,ل,,
ولول,و,ل,و,ل,ل,,
