الجذر,الحرف الأول للجذر,الحرف الثاني للجذر,الحرف الثالث للجذر,الحرف الرابع للجذر,فَعْلَلَ
أتمت,أ,ت,م,ت,م
أقلم,أ,ق,ل,م,م
أكسد,أ,ك,س,د,م
بأبأ,ب,أ,ب,أ,ك
بأدل,ب,أ,د,ل,ل
بأذن,ب,أ,ذ,ن,ل
بثبث,ب,ث,ب,ث,م
بجبج,ب,ج,ب,ج,ك
بحبح,ب,ح,ب,ح,ك
بحتن,ب,ح,ت,ن,ل
بحثر,ب,ح,ث,ر,ك
بحدل,ب,ح,د,ل,ل
بحشل,ب,ح,ش,ل,ل
بحظل,ب,ح,ظ,ل,ل
بحلق,ب,ح,ل,ق,ل
بخبخ,ب,خ,ب,خ,ك
بختر,ب,خ,ت,ر,ل
بخثر,ب,خ,ث,ر,م
بخذع,ب,خ,ذ,ع,م
بخضل,ب,خ,ض,ل,ل
بخلص,ب,خ,ل,ص,ل
بخنق,ب,خ,ن,ق,م
بذبذ,ب,ذ,ب,ذ,ك
بذرق,ب,ذ,ر,ق,ك
بذقط,ب,ذ,ق,ط,م
بذلخ,ب,ذ,ل,خ,ل
برأل,ب,ر,أ,ل,ل
بربر,ب,ر,ب,ر,ل
بربس,ب,ر,ب,س,م
بربص,ب,ر,ب,ص,م
برتك,ب,ر,ت,ك,م
برثط,ب,ر,ث,ط,ل
برجم,ب,ر,ج,م,ك
برذن,ب,ر,ذ,ن,ك
برسم,ب,ر,س,م,م
برشط,ب,ر,ش,ط,م
برشق,ب,ر,ش,ق,م
برشك,ب,ر,ش,ك,م
برشم,ب,ر,ش,م,ك
برطس,ب,ر,ط,س,ل
برطل,ب,ر,ط,ل,ك
برطم,ب,ر,ط,م,ك
برعم,ب,ر,ع,م,ل
برغث,ب,ر,غ,ث,ل
برغش,ب,ر,غ,ش,ل
برغل,ب,ر,غ,ل,ل
برقح,ب,ر,ق,ح,ل
برقش,ب,ر,ق,ش,ك
برقط,ب,ر,ق,ط,ك
برقع,ب,ر,ق,ع,م
برقل,ب,ر,ق,ل,ل
بركع,ب,ر,ك,ع,ك
برمج,ب,ر,م,ج,م
برنس,ب,ر,ن,س,م
برنق,ب,ر,ن,ق,م
برهم,ب,ر,ه,م,ل
برهن,ب,ر,ه,ن,ك
بروز,ب,ر,و,ز,م
بزبز,ب,ز,ب,ز,ك
بزمخ,ب,ز,م,خ,ل
بسبس,ب,س,ب,س,ل
بستر,ب,س,ت,ر,م
بسمل,ب,س,م,ل,ل
بشبش,ب,ش,ب,ش,ل
بشرن,ب,ش,ر,ن,م
بصبص,ب,ص,ب,ص,ك
بضبض,ب,ض,ب,ض,م
بطبط,ب,ط,ب,ط,م
بظرم,ب,ظ,ر,م,ل
بعبع,ب,ع,ب,ع,ل
بعثر,ب,ع,ث,ر,ك
بعذر,ب,ع,ذ,ر,م
بعزق,ب,ع,ز,ق,م
بعكر,ب,ع,ك,ر,م
بعنس,ب,ع,ن,س,ل
بغبغ,ب,غ,ب,غ,م
بغثر,ب,غ,ث,ر,ك
بغسل,ب,غ,س,ل,ل
بقبق,ب,ق,ب,ق,ك
بكبك,ب,ك,ب,ك,ك
بلأز,ب,ل,أ,ز,ل
بلأص,ب,ل,أ,ص,ل
بلبل,ب,ل,ب,ل,م
بلتي,ب,ل,ت,ي,م
بلجم,ب,ل,ج,م,م
بلحم,ب,ل,ح,م,م
بلدح,ب,ل,د,ح,ل
بلدم,ب,ل,د,م,ل
بلسم,ب,ل,س,م,ك
بلصم,ب,ل,ص,م,ل
بلطج,ب,ل,ط,ج,ل
بلطح,ب,ل,ط,ح,ك
بلطم,ب,ل,ط,م,ل
بلعك,ب,ل,ع,ك,م
بلعم,ب,ل,ع,م,م
بلقع,ب,ل,ق,ع,ل
بلكع,ب,ل,ك,ع,م
بلمر,ب,ل,م,ر,م
بلهس,ب,ل,ه,س,ل
بلهص,ب,ل,ه,ص,ل
بلهق,ب,ل,ه,ق,ل
بلور,ب,ل,و,ر,م
بنبن,ب,ن,ب,ن,ل
بندق,ب,ن,د,ق,ك
بهبه,ب,ه,ب,ه,ل
بهتر,ب,ه,ت,ر,ل
بهدل,ب,ه,د,ل,ل
بهرج,ب,ه,ر,ج,ك
بهرم,ب,ه,ر,م,م
بهصل,ب,ه,ص,ل,ك
بهلق,ب,ه,ل,ق,ك
بهنس,ب,ه,ن,س,ل
بيدر,ب,ي,د,ر,م
بيطر,ب,ي,ط,ر,ل
بيقر,ب,ي,ق,ر,ل
تأتأ,ت,أ,ت,أ,ل
تبتب,ت,ب,ت,ب,ل
تبرك,ت,ب,ر,ك,ل
تحتح,ت,ح,ت,ح,ك
تختخ,ت,خ,ت,خ,ل
تربس,ت,ر,ب,س,م
ترتر,ت,ر,ت,ر,ك
ترجم,ت,ر,ج,م,ك
ترقي,ت,ر,ق,ي,م
ترمس,ت,ر,م,س,ل
تعتع,ت,ع,ت,ع,ك
تغتغ,ت,غ,ت,غ,ك
تفتف,ت,ف,ت,ف,ل
تقتق,ت,ق,ت,ق,ل
تكتك,ت,ك,ت,ك,ك
تلتل,ت,ل,ت,ل,ك
تلفز,ت,ل,ف,ز,م
تلفن,ت,ل,ف,ن,ل
تلمذ,ت,ل,م,ذ,ك
تمتم,ت,م,ت,م,ك
تمهل,ت,م,ه,ل,ل
تنبل,ت,ن,ب,ل,ل
تنتل,ت,ن,ت,ل,ل
تنتن,ت,ن,ت,ن,ل
تهته,ت,ه,ت,ه,ل
توبل,ت,و,ب,ل,م
تودأ,ت,و,د,أ,ل
ثأثأ,ث,أ,ث,أ,ك
ثألل,ث,أ,ل,ل,م
ثبثب,ث,ب,ث,ب,ل
ثجثج,ث,ج,ث,ج,ك
ثحثح,ث,ح,ث,ح,ل
ثرثر,ث,ر,ث,ر,ك
ثرطل,ث,ر,ط,ل,ل
ثرطم,ث,ر,ط,م,ل
ثرمد,ث,ر,م,د,م
ثرمط,ث,ر,م,ط,ك
ثرمل,ث,ر,م,ل,ك
ثعثع,ث,ع,ث,ع,ل
ثعجر,ث,ع,ج,ر,م
ثعرر,ث,ع,ر,ر,ل
ثعلب,ث,ع,ل,ب,ل
ثغثغ,ث,غ,ث,غ,ك
ثفثق,ث,ف,ث,ق,ل
ثقثق,ث,ق,ث,ق,ل
ثكثك,ث,ك,ث,ك,ل
ثلثل,ث,ل,ث,ل,م
ثلمط,ث,ل,م,ط,ل
ثمتل,ث,م,ت,ل,ل
ثمثم,ث,م,ث,م,ك
ثملط,ث,م,ل,ط,ل
ثنثن,ث,ن,ث,ن,ل
ثهثه,ث,ه,ث,ه,ل
ثيتل,ث,ي,ت,ل,ل
جأبز,ج,أ,ب,ز,ل
جأجأ,ج,أ,ج,أ,ك
جألل,ج,أ,ل,ل,ل
جبجب,ج,ب,ج,ب,ل
جثجث,ج,ث,ج,ث,ل
جحجب,ج,ح,ج,ب,ك
جحجح,ج,ح,ج,ح,ك
جحدر,ج,ح,د,ر,م
جحدل,ج,ح,د,ل,ك
جحظم,ج,ح,ظ,م,م
جحفل,ج,ح,ف,ل,م
جحمظ,ج,ح,م,ظ,ك
جخجخ,ج,خ,ج,خ,ك
جخدب,ج,خ,د,ب,ل
جدول,ج,د,و,ل,م
جذجذ,ج,ذ,ج,ذ,م
جربذ,ج,ر,ب,ذ,ل
جربز,ج,ر,ب,ز,ل
جرثل,ج,ر,ث,ل,م
جرثم,ج,ر,ث,م,م
جرجب,ج,ر,ج,ب,م
جرجر,ج,ر,ج,ر,ك
جرجم,ج,ر,ج,م,م
جردب,ج,ر,د,ب,ك
جردح,ج,ر,د,ح,م
جردل,ج,ر,د,ل,ل
جردم,ج,ر,د,م,ك
جرذم,ج,ر,ذ,م,ل
جرسم,ج,ر,س,م,ل
جرشب,ج,ر,ش,ب,ل
جرشم,ج,ر,ش,م,ل
جرعب,ج,ر,ع,ب,م
جرفخ,ج,ر,ف,خ,م
جرفس,ج,ر,ف,س,ك
جرمز,ج,ر,م,ز,ل
جزمر,ج,ز,م,ر,م
جشجش,ج,ش,ج,ش,م
جعبر,ج,ع,ب,ر,م
جعبل,ج,ع,ب,ل,ل
جعبي,ج,ع,ب,ي,م
جعثر,ج,ع,ث,ر,م
جعجع,ج,ع,ج,ع,ك
جعدر,ج,ع,د,ر,ل
جعضر,ج,ع,ض,ر,ل
جعفد,ج,ع,ف,د,م
جعفق,ج,ع,ف,ق,ل
جعفل,ج,ع,ف,ل,ك
جعمر,ج,ع,م,ر,ل
جفجف,ج,ف,ج,ف,ك
جلبب,ج,ل,ب,ب,م
جلجل,ج,ل,ج,ل,ك
جلحب,ج,ل,ح,ب,ل
جلحم,ج,ل,ح,م,م
جلعد,ج,ل,ع,د,ك
جلفط,ج,ل,ف,ط,م
جلفظ,ج,ل,ف,ظ,م
جلفن,ج,ل,ف,ن,م
جلمق,ج,ل,م,ق,م
جلهز,ج,ل,ه,ز,ل
جلهق,ج,ل,ه,ق,م
جلوز,ج,ل,و,ز,ل
جمجم,ج,م,ج,م,ك
جمرك,ج,م,ر,ك,م
جمزر,ج,م,ز,ر,ل
جمعر,ج,م,ع,ر,ك
جمعل,ج,م,ع,ل,م
جمهر,ج,م,ه,ر,م
جنبذ,ج,ن,ب,ذ,م
جندر,ج,ن,د,ر,م
جندل,ج,ن,د,ل,م
جنفس,ج,ن,ف,س,ل
جهجأ,ج,ه,ج,أ,م
جهجه,ج,ه,ج,ه,ك
جهمز,ج,ه,م,ز,م
جهور,ج,ه,و,ر,ك
جورب,ج,و,ر,ب,م
حأحأ,ح,أ,ح,أ,ل
حبحب,ح,ب,ح,ب,ك
حبرم,ح,ب,ر,م,ل
حبكر,ح,ب,ك,ر,م
حتحت,ح,ت,ح,ت,ك
حتفل,ح,ت,ف,ل,ل
حثحث,ح,ث,ح,ث,ك
حثرب,ح,ث,ر,ب,ل
حثرف,ح,ث,ر,ف,م
حثيل,ح,ث,ي,ل,ل
حجحج,ح,ج,ح,ج,ل
حدرج,ح,د,ر,ج,م
حدقل,ح,د,ق,ل,ل
حذفر,ح,ذ,ف,ر,ك
حذلق,ح,ذ,ل,ق,ل
حذلم,ح,ذ,ل,م,ك
حربص,ح,ر,ب,ص,م
حربظ,ح,ر,ب,ظ,م
حربق,ح,ر,ب,ق,م
حرجل,ح,ر,ج,ل,ل
حرجم,ح,ر,ج,م,م
حرزق,ح,ر,ز,ق,ك
حرزم,ح,ر,ز,م,م
حرقص,ح,ر,ق,ص,ك
حرقف,ح,ر,ق,ف,ك
حركث,ح,ر,ك,ث,م
حركل,ح,ر,ك,ل,ل
حرمد,ح,ر,م,د,ل
حرمز,ح,ر,م,ز,م
حزأل,ح,ز,أ,ل,ل
حزرق,ح,ز,ر,ق,ك
حزفر,ح,ز,ف,ر,ك
حزمر,ح,ز,م,ر,ك
حسبل,ح,س,ب,ل,ل
حسحس,ح,س,ح,س,ك
حسكك,ح,س,ك,ك,ل
حسكل,ح,س,ك,ل,ل
حشحش,ح,ش,ح,ش,ك
حشرج,ح,ش,ر,ج,ل
حصحص,ح,ص,ح,ص,ك
حصرب,ح,ص,ر,ب,ل
حصرم,ح,ص,ر,م,ك
حضجر,ح,ض,ج,ر,م
حضرب,ح,ض,ر,ب,م
حضرم,ح,ض,ر,م,ك
حطحط,ح,ط,ح,ط,ل
حطمر,ح,ط,م,ر,م
حظرب,ح,ظ,ر,ب,م
حظلب,ح,ظ,ل,ب,ل
حفحف,ح,ف,ح,ف,ل
حقحق,ح,ق,ح,ق,ل
حلبس,ح,ل,ب,س,ل
حلحل,ح,ل,ح,ل,ك
حلقم,ح,ل,ق,م,ك
حمحم,ح,م,ح,م,ل
حمدل,ح,م,د,ل,ل
حمطر,ح,م,ط,ر,م
حمظل,ح,م,ظ,ل,ك
حملج,ح,م,ل,ج,م
حملق,ح,م,ل,ق,ل
حنبش,ح,ن,ب,ش,ك
حنبص,ح,ن,ب,ص,ل
حنبل,ح,ن,ب,ل,ل
حنجر,ح,ن,ج,ر,ك
حنجل,ح,ن,ج,ل,ل
حنذي,ح,ن,ذ,ي,ل
حنطر,ح,ن,ط,ر,ل
حنظل,ح,ن,ظ,ل,ل
حنظي,ح,ن,ظ,ي,ل
حنكل,ح,ن,ك,ل,ل
حوجل,ح,و,ج,ل,ل
حوحي,ح,و,ح,ي,ل
حوصل,ح,و,ص,ل,ل
حوفز,ح,و,ف,ز,م
حوفل,ح,و,ف,ل,ل
حوقل,ح,و,ق,ل,ك
حولق,ح,و,ل,ق,ل
حومل,ح,و,م,ل,ل
حيحي,ح,ي,ح,ي,ل
حيعل,ح,ي,ع,ل,ل
خبتل,خ,ب,ت,ل,ل
خبخب,خ,ب,خ,ب,ك
خبرع,خ,ب,ر,ع,ل
خبرق,خ,ب,ر,ق,م
خبعل,خ,ب,ع,ل,ل
خترب,خ,ت,ر,ب,م
خترف,خ,ت,ر,ف,ل
خترم,خ,ت,ر,م,ل
ختعر,خ,ت,ع,ر,ل
ختعل,خ,ت,ع,ل,ل
ختلع,خ,ت,ل,ع,ل
ختلم,خ,ت,ل,م,م
خثرم,خ,ث,ر,م,ل
خثعج,خ,ث,ع,ج,ل
خثعم,خ,ث,ع,م,ك
خثلم,خ,ث,ل,م,ك
خجخج,خ,ج,خ,ج,ك
خدرع,خ,د,ر,ع,ل
خدفر,خ,د,ف,ر,ل
خذرع,خ,ذ,ر,ع,ل
خذرف,خ,ذ,ر,ف,ك
خذرق,خ,ذ,ر,ق,ل
خذعب,خ,ذ,ع,ب,م
خذعل,خ,ذ,ع,ل,م
خذلب,خ,ذ,ل,ب,ل
خذلم,خ,ذ,ل,م,ل
خربش,خ,ر,ب,ش,م
خربص,خ,ر,ب,ص,ك
خربط,خ,ر,ب,ط,ل
خربق,خ,ر,ب,ق,ك
خرثم,خ,ر,ث,م,ل
خرخر,خ,ر,خ,ر,ل
خردل,خ,ر,د,ل,ك
خرشب,خ,ر,ش,ب,م
خرشف,خ,ر,ش,ف,ل
خرشم,خ,ر,ش,م,ل
خرطم,خ,ر,ط,م,م
خرفج,خ,ر,ف,ج,ك
خرفش,خ,ر,ف,ش,م
خرفق,خ,ر,ف,ق,ل
خرقل,خ,ر,ق,ل,ك
خرمش,خ,ر,م,ش,م
خرنف,خ,ر,ن,ف,م
خرنق,خ,ر,ن,ق,ل
خزرب,خ,ز,ر,ب,ل
خزرج,خ,ز,ر,ج,ل
خزرف,خ,ز,ر,ف,ل
خزعل,خ,ز,ع,ل,ل
خزلب,خ,ز,ل,ب,م
خشخش,خ,ش,خ,ش,ك
خشرب,خ,ش,ر,ب,ك
خشرم,خ,ش,ر,م,ل
خصخص,خ,ص,خ,ص,م
خضخض,خ,ض,خ,ض,ك
خضرب,خ,ض,ر,ب,ل
خضرع,خ,ض,ر,ع,ل
خضرم,خ,ض,ر,م,ك
خضلف,خ,ض,ل,ف,ل
خطخط,خ,ط,خ,ط,ل
خطرف,خ,ط,ر,ف,ك
خفخف,خ,ف,خ,ف,ك
خقخق,خ,ق,خ,ق,ل
خلبس,خ,ل,ب,س,م
خلبص,خ,ل,ب,ص,ل
خلجن,خ,ل,ج,ن,م
خلخل,خ,ل,خ,ل,م
خمخم,خ,م,خ,م,ل
خنبس,خ,ن,ب,س,ل
خنبص,خ,ن,ب,ص,ل
خنجل,خ,ن,ج,ل,ل
خنخن,خ,ن,خ,ن,ل
خندف,خ,ن,د,ف,ل
خندق,خ,ن,د,ق,ك
خندل,خ,ن,د,ل,ل
خنذي,خ,ن,ذ,ي,ل
خنزج,خ,ن,ز,ج,ل
خنزر,خ,ن,ز,ر,ل
خنشل,خ,ن,ش,ل,ل
خنطث,خ,ن,ط,ث,ل
خنظي,خ,ن,ظ,ي,ل
خنعج,خ,ن,ع,ج,ل
خنعق,خ,ن,ع,ق,ل
خنفر,خ,ن,ف,ر,ل
خنفس,خ,ن,ف,س,ل
خنكر,خ,ن,ك,ر,ل
خوزل,خ,و,ز,ل,ل
خوعل,خ,و,ع,ل,ل
خيعل,خ,ي,ع,ل,م
دأدأ,د,أ,د,أ,ك
دأدد,د,أ,د,د,ل
دبدب,د,ب,د,ب,ل
دبكل,د,ب,ك,ل,م
دبلج,د,ب,ل,ج,م
دجدج,د,ج,د,ج,ل
دحبي,د,ح,ب,ي,م
دحدر,د,ح,د,ر,ك
دحرج,د,ح,ر,ج,م
دحقب,د,ح,ق,ب,م
دحقل,د,ح,ق,ل,ل
دحلط,د,ح,ل,ط,ل
دحلق,د,ح,ل,ق,ل
دحلم,د,ح,ل,م,م
دحمر,د,ح,م,ر,م
دحمس,د,ح,م,س,ل
دحمل,د,ح,م,ل,ك
دخدخ,د,خ,د,خ,ك
دخدر,د,خ,د,ر,م
دخرص,د,خ,ر,ص,م
دخمر,د,خ,م,ر,م
دخمس,د,خ,م,س,ك
دربج,د,ر,ب,ج,ك
دربح,د,ر,ب,ح,ل
دربخ,د,ر,ب,خ,ل
دربص,د,ر,ب,ص,ل
دربك,د,ر,ب,ك,ل
دربي,د,ر,ب,ي,م
درجب,د,ر,ج,ب,م
درجل,د,ر,ج,ل,م
درحب,د,ر,ح,ب,م
دردب,د,ر,د,ب,ل
دردج,د,ر,د,ج,ك
دردر,د,ر,د,ر,ك
دردش,د,ر,د,ش,ل
درشق,د,ر,ش,ق,م
درفس,د,ر,ف,س,ل
درفق,د,ر,ف,ق,ل
درفل,د,ر,ف,ل,م
درقع,د,ر,ق,ع,ك
درقل,د,ر,ق,ل,ل
درمج,د,ر,م,ج,ك
درمس,د,ر,م,س,ك
درمص,د,ر,م,ص,ل
درمك,د,ر,م,ك,ك
درهم,د,ر,ه,م,ل
دشدش,د,ش,د,ش,م
دعبس,د,ع,ب,س,م
دعثر,د,ع,ث,ر,م
دعدع,د,ع,د,ع,ك
دعرم,د,ع,ر,م,ل
دعسج,د,ع,س,ج,ل
دعسر,د,ع,س,ر,ل
دعسق,د,ع,س,ق,ك
دعكس,د,ع,ك,س,ل
دعكل,د,ع,ك,ل,م
دعلج,د,ع,ل,ج,ك
دعلق,د,ع,ل,ق,ك
دعمص,د,ع,م,ص,ل
دعمظ,د,ع,م,ظ,م
دغبج,د,غ,ب,ج,م
دغدغ,د,غ,د,غ,م
دغرق,د,غ,ر,ق,ك
دغفق,د,غ,ف,ق,ك
دغمر,د,غ,م,ر,م
دغمش,د,غ,م,ش,ل
دغوش,د,غ,و,ش,ل
دفطس,د,ف,ط,س,ل
دقدق,د,ق,د,ق,ك
دكدك,د,ك,د,ك,ك
دلبح,د,ل,ب,ح,ل
دلدل,د,ل,د,ل,ك
دلمز,د,ل,م,ز,ل
دلمص,د,ل,م,ص,م
دلهث,د,ل,ه,ث,ل
دمحق,د,م,ح,ق,م
دمحل,د,م,ح,ل,م
دمخق,د,م,خ,ق,ل
دمدم,د,م,د,م,ك
دمشق,د,م,ش,ق,ك
دمكل,د,م,ك,ل,م
دملج,د,م,ل,ج,ك
دملح,د,م,ل,ح,م
دملق,د,م,ل,ق,م
دملك,د,م,ل,ك,م
دندن,د,ن,د,ن,ل
دنفش,د,ن,ف,ش,ل
دنقر,د,ن,ق,ر,ل
دنقس,د,ن,ق,س,ك
دنقش,د,ن,ق,ش,ك
دنقع,د,ن,ق,ع,ل
دنكس,د,ن,ك,س,ل
دهبل,د,ه,ب,ل,ك
دهدر,د,ه,د,ر,ل
دهدع,د,ه,د,ع,ك
دهدق,د,ه,د,ق,ك
دهدم,د,ه,د,م,م
دهده,د,ه,د,ه,م
دهدي,د,ه,د,ي,م
دهسم,د,ه,س,م,م
دهشر,د,ه,ش,ر,ك
دهفش,د,ه,ف,ش,م
دهقش,د,ه,ق,ش,م
دهقل,د,ه,ق,ل,م
دهقن,د,ه,ق,ن,ك
دهكل,د,ه,ك,ل,ك
دهلق,د,ه,ل,ق,م
دهمج,د,ه,م,ج,ك
دهمس,د,ه,م,س,م
دهمق,د,ه,م,ق,ك
دهنج,د,ه,ن,ج,ك
دهور,د,ه,و,ر,ك
دوزن,د,و,ز,ن,ك
دوقل,د,و,ق,ل,ك
دومل,د,و,م,ل,ل
ديكس,د,ي,ك,س,ل
ذأذأ,ذ,أ,ذ,أ,ل
ذبذب,ذ,ب,ذ,ب,ك
ذحذح,ذ,ح,ذ,ح,ك
ذحلم,ذ,ح,ل,م,م
ذحمل,ذ,ح,م,ل,م
ذرذر,ذ,ر,ذ,ر,م
ذرطأ,ذ,ر,ط,أ,ل
ذرطي,ذ,ر,ط,ي,ل
ذرقط,ذ,ر,ق,ط,م
ذرمل,ذ,ر,م,ل,ل
ذعذع,ذ,ع,ذ,ع,م
ذعلف,ذ,ع,ل,ف,م
ذعمط,ذ,ع,م,ط,م
ذفذف,ذ,ف,ذ,ف,ك
ذفطس,ذ,ف,ط,س,ل
ذمحل,ذ,م,ح,ل,م
ذمذم,ذ,م,ذ,م,ل
ذملق,ذ,م,ل,ق,ك
رأبل,ر,أ,ب,ل,ل
رأرأ,ر,أ,ر,أ,ل
ربرب,ر,ب,ر,ب,ل
رترت,ر,ت,ر,ت,ل
رجرج,ر,ج,ر,ج,ك
رحرح,ر,ح,ر,ح,ك
رزرز,ر,ز,ر,ز,م
رسرس,ر,س,ر,س,ك
رسمل,ر,س,م,ل,م
رشرش,ر,ش,ر,ش,ل
رصرص,ر,ص,ر,ص,ك
رضرض,ر,ض,ر,ض,م
رعبل,ر,ع,ب,ل,ك
رعدد,ر,ع,د,د,ل
رعرع,ر,ع,ر,ع,ك
رغرغ,ر,غ,ر,غ,ك
رفرف,ر,ف,ر,ف,ل
رقرق,ر,ق,ر,ق,ك
ركرك,ر,ك,ر,ك,ل
رمرم,ر,م,ر,م,ل
رهبل,ر,ه,ب,ل,ل
رهدن,ر,ه,د,ن,ل
رهره,ر,ه,ر,ه,ك
رهسم,ر,ه,س,م,ك
رهمس,ر,ه,م,س,ك
رهوك,ر,ه,و,ك,ل
رهيأ,ر,ه,ي,أ,ك
رودك,ر,و,د,ك,م
رودن,ر,و,د,ن,ل
زأبر,ز,أ,ب,ر,ك
زأبق,ز,أ,ب,ق,م
زأزأ,ز,أ,ز,أ,ك
زبرج,ز,ب,ر,ج,م
زبرق,ز,ب,ر,ق,م
زبزب,ز,ب,ز,ب,ل
زحزح,ز,ح,ز,ح,م
زحلف,ز,ح,ل,ف,ك
زحلق,ز,ح,ل,ق,م
زحمر,ز,ح,م,ر,م
زحول,ز,ح,و,ل,م
زخرف,ز,خ,ر,ف,م
زخزخ,ز,خ,ز,خ,م
زربق,ز,ر,ب,ق,م
زردب,ز,ر,د,ب,م
زردم,ز,ر,د,م,م
زرزر,ز,ر,ز,ر,ل
زرفق,ز,ر,ف,ق,ل
زرفن,ز,ر,ف,ن,م
زرقف,ز,ر,ق,ف,ل
زرقل,ز,ر,ق,ل,ك
زركش,ز,ر,ك,ش,م
زرنق,ز,ر,ن,ق,ك
زعبق,ز,ع,ب,ق,م
زعبل,ز,ع,ب,ل,ل
زعزع,ز,ع,ز,ع,ك
زعفر,ز,ع,ف,ر,م
زعنف,ز,ع,ن,ف,م
زغبر,ز,غ,ب,ر,ل
زغدب,ز,غ,د,ب,ل
زغرد,ز,غ,ر,د,ل
زغزغ,ز,غ,ز,غ,ك
زغفل,ز,غ,ف,ل,ل
زغلل,ز,غ,ل,ل,م
زفزف,ز,ف,ز,ف,ك
زقزق,ز,ق,ز,ق,ك
زقفل,ز,ق,ف,ل,ل
زكزك,ز,ك,ز,ك,ل
زلحف,ز,ل,ح,ف,م
زلدب,ز,ل,د,ب,م
زلزل,ز,ل,ز,ل,م
زلقم,ز,ل,ق,م,م
زمجر,ز,م,ج,ر,ل
زمخر,ز,م,خ,ر,ل
زمزر,ز,م,ز,ر,م
زمزم,ز,م,ز,م,ك
زملق,ز,م,ل,ق,ل
زمهر,ز,م,ه,ر,ل
زنجر,ز,ن,ج,ر,ل
زنخر,ز,ن,خ,ر,ل
زنفل,ز,ن,ف,ل,ل
زنهر,ز,ن,ه,ر,ل
زهرف,ز,ه,ر,ف,م
زهزق,ز,ه,ز,ق,ك
زهلج,ز,ه,ل,ج,م
زهلف,ز,ه,ل,ف,م
زهلق,ز,ه,ل,ق,ك
زهمج,ز,ه,م,ج,م
زهمق,ز,ه,م,ق,م
زهمل,ز,ه,م,ل,م
زهنع,ز,ه,ن,ع,م
زهوط,ز,ه,و,ط,ل
زوبر,ز,و,ب,ر,ل
زوزك,ز,و,ز,ك,ل
زوزي,ز,و,ز,ي,ك
زوقل,ز,و,ق,ل,م
سأسأ,س,أ,س,أ,ك
سبحل,س,ب,ح,ل,ل
سبحن,س,ب,ح,ن,ل
سبرت,س,ب,ر,ت,ل
سبرج,س,ب,ر,ج,ك
سبرد,س,ب,ر,د,ك
سبسب,س,ب,س,ب,ك
سحبل,س,ح,ب,ل,ل
سحتن,س,ح,ت,ن,م
سحجل,س,ح,ج,ل,م
سربخ,س,ر,ب,خ,ل
سربط,س,ر,ب,ط,ل
سربل,س,ر,ب,ل,م
سرجن,س,ر,ج,ن,م
سردج,س,ر,د,ج,م
سردح,س,ر,د,ح,م
سردق,س,ر,د,ق,م
سردك,س,ر,د,ك,ل
سرسر,س,ر,س,ر,م
سرطع,س,ر,ط,ع,ل
سرطل,س,ر,ط,ل,ل
سرطم,س,ر,ط,م,ل
سرطن,س,ر,ط,ن,م
سرعف,س,ر,ع,ف,م
سرقن,س,ر,ق,ن,م
سرهج,س,ر,ه,ج,ك
سرهد,س,ر,ه,د,م
سرهف,س,ر,ه,ف,م
سرول,س,ر,و,ل,م
سعسع,س,ع,س,ع,ك
سغبل,س,غ,ب,ل,ك
سغسغ,س,غ,س,غ,ك
سفتج,س,ف,ت,ج,ك
سفسط,س,ف,س,ط,ل
سفسف,س,ف,س,ف,ك
سفسق,س,ف,س,ق,ل
سفلت,س,ف,ل,ت,م
سفنج,س,ف,ن,ج,ك
سقسق,س,ق,س,ق,ل
سقلب,س,ق,ل,ب,م
سكبج,س,ك,ب,ج,ل
سلسل,س,ل,س,ل,ك
سلطن,س,ل,ط,ن,م
سلعف,س,ل,ع,ف,م
سلعن,س,ل,ع,ن,ل
سلغز,س,ل,غ,ز,ل
سلغف,س,ل,غ,ف,م
سلفع,س,ل,ف,ع,ك
سلقد,س,ل,ق,د,م
سلقع,س,ل,ق,ع,ل
سلقي,س,ل,ق,ي,م
سمأل,س,م,أ,ل,ل
سمجر,س,م,ج,ر,م
سمرج,س,م,ر,ج,ل
سمسر,س,م,س,ر,ل
سمسم,س,م,س,م,ك
سمكر,س,م,ك,ر,م
سملج,س,م,ل,ج,م
سملك,س,م,ل,ك,م
سمهج,س,م,ه,ج,ك
سمهر,س,م,ه,ر,ل
سنبخ,س,ن,ب,خ,ل
سنبس,س,ن,ب,س,ل
سنبك,س,ن,ب,ك,م
سنبل,س,ن,ب,ل,ك
سنجل,س,ن,ج,ل,ل
سندر,س,ن,د,ر,ل
سندل,س,ن,د,ل,ل
سنسن,س,ن,س,ن,ل
سنطل,س,ن,ط,ل,ل
سنفر,س,ن,ف,ر,م
سهجر,س,ه,ج,ر,ل
سهوك,س,ه,و,ك,م
سوجر,س,و,ج,ر,م
سودل,س,و,د,ل,ل
سوطر,س,و,ط,ر,ل
سوند,س,و,ن,د,ل
سيطر,س,ي,ط,ر,ل
شأشأ,ش,أ,ش,أ,ك
شبرذ,ش,ب,ر,ذ,ل
شبرق,ش,ب,ر,ق,ك
شبشب,ش,ب,ش,ب,ك
شحشح,ش,ح,ش,ح,ل
شخبط,ش,خ,ب,ط,ل
شخشخ,ش,خ,ش,خ,ل
شخصن,ش,خ,ص,ن,م
شربق,ش,ر,ب,ق,م
شرجع,ش,ر,ج,ع,م
شرسف,ش,ر,س,ف,ل
شرشر,ش,ر,ش,ر,ك
شرعب,ش,ر,ع,ب,م
شرنف,ش,ر,ن,ف,م
شرنق,ش,ر,ن,ق,ك
شرهف,ش,ر,ه,ف,م
شريف,ش,ر,ي,ف,ك
ششقل,ش,ش,ق,ل,م
شطيأ,ش,ط,ي,أ,ل
شظشظ,ش,ظ,ش,ظ,ل
شعبذ,ش,ع,ب,ذ,ل
شعشع,ش,ع,ش,ع,ك
شعصب,ش,ع,ص,ب,ل
شعوذ,ش,ع,و,ذ,ل
شعوط,ش,ع,و,ط,م
شغرب,ش,غ,ر,ب,م
شغرن,ش,غ,ر,ن,م
شغزب,ش,غ,ز,ب,م
شغشغ,ش,غ,ش,غ,ك
شفتر,ش,ف,ت,ر,ل
شفشف,ش,ف,ش,ف,ك
شفصل,ش,ف,ص,ل,ل
شقشق,ش,ق,ش,ق,ل
شقلب,ش,ق,ل,ب,م
شلشل,ش,ل,ش,ل,ك
شمجر,ش,م,ج,ر,ل
شمخر,ش,م,خ,ر,ل
شمرج,ش,م,ر,ج,م
شمرخ,ش,م,ر,خ,م
شمرذ,ش,م,ر,ذ,ل
شمصر,ش,م,ص,ر,ل
شمعل,ش,م,ع,ل,ل
شملل,ش,م,ل,ل,ك
شمهد,ش,م,ه,د,م
شنبث,ش,ن,ب,ث,م
شنبل,ش,ن,ب,ل,م
شنتر,ش,ن,ت,ر,م
شندخ,ش,ن,د,خ,ل
شنشن,ش,ن,ش,ن,ل
شنظر,ش,ن,ظ,ر,ل
شهبر,ش,ه,ب,ر,ل
شهجب,ش,ه,ج,ب,ل
شوبش,ش,و,ب,ش,ل
شوشر,ش,و,ش,ر,ل
شوصل,ش,و,ص,ل,ل
شوقل,ش,و,ق,ل,ل
شيطن,ش,ي,ط,ن,ل
صأصأ,ص,أ,ص,أ,ل
صبصب,ص,ب,ص,ب,ك
صحصح,ص,ح,ص,ح,ل
صدصد,ص,د,ص,د,م
صرصر,ص,ر,ص,ر,ك
صعتر,ص,ع,ت,ر,ك
صعرر,ص,ع,ر,ر,م
صعصع,ص,ع,ص,ع,ك
صعفر,ص,ع,ف,ر,ك
صعفق,ص,ع,ف,ق,ل
صعلك,ص,ع,ل,ك,م
صعنب,ص,ع,ن,ب,ك
صغبل,ص,غ,ب,ل,م
صفصف,ص,ف,ص,ف,ل
صقعر,ص,ق,ع,ر,ل
صلصل,ص,ل,ص,ل,ك
صلطح,ص,ل,ط,ح,م
صلفح,ص,ل,ف,ح,ك
صلقح,ص,ل,ق,ح,م
صلقع,ص,ل,ق,ع,ك
صلقم,ص,ل,ق,م,ل
صلمح,ص,ل,م,ح,م
صلمع,ص,ل,م,ع,ك
صمدح,ص,م,د,ح,ل
صمصم,ص,م,ص,م,ل
صمقر,ص,م,ق,ر,ل
صنبر,ص,ن,ب,ر,ل
صنبع,ص,ن,ب,ع,ل
صندق,ص,ن,د,ق,م
صندل,ص,ن,د,ل,ل
صنفر,ص,ن,ف,ر,م
صهرج,ص,ه,ر,ج,م
صهصه,ص,ه,ص,ه,ل
صهين,ص,ه,ي,ن,م
صوقر,ص,و,ق,ر,ل
صوقع,ص,و,ق,ع,م
صومع,ص,و,م,ع,م
صومل,ص,و,م,ل,ل
صيدل,ص,ي,د,ل,ل
ضأضأ,ض,أ,ض,أ,ل
ضبضب,ض,ب,ض,ب,ل
ضجحر,ض,ج,ح,ر,م
ضحضح,ض,ح,ض,ح,ل
ضرغم,ض,ر,غ,م,ل
ضرفط,ض,ر,ف,ط,م
ضعضع,ض,ع,ض,ع,م
ضغضغ,ض,غ,ض,غ,ك
ضفدع,ض,ف,د,ع,ك
ضكضك,ض,ك,ض,ك,ك
ضلفع,ض,ل,ف,ع,م
ضمأك,ض,م,أ,ك,ل
ضمرز,ض,م,ر,ز,ل
ضمضم,ض,م,ض,م,ك
ضهضب,ض,ه,ض,ب,م
ضهيأ,ض,ه,ي,أ,م
ضهيل,ض,ه,ي,ل,ل
ضوضأ,ض,و,ض,أ,ل
ضوضي,ض,و,ض,ي,ل
ضوكع,ض,و,ك,ع,ل
ضيطن,ض,ي,ط,ن,ل
طأطأ,ط,أ,ط,أ,ك
طبطب,ط,ب,ط,ب,ك
طثطث,ط,ث,ط,ث,م
طحرب,ط,ح,ر,ب,ك
طحرم,ط,ح,ر,م,م
طحطح,ط,ح,ط,ح,ك
طحلب,ط,ح,ل,ب,ك
طحمر,ط,ح,م,ر,ك
طخطخ,ط,خ,ط,خ,م
طرثم,ط,ر,ث,م,ل
طردس,ط,ر,د,س,م
طرسع,ط,ر,س,ع,ل
طرسم,ط,ر,س,م,ل
طرشح,ط,ر,ش,ح,ك
طرشم,ط,ر,ش,م,ل
طرطب,ط,ر,ط,ب,ك
طرطر,ط,ر,ط,ر,ل
طرطش,ط,ر,ط,ش,م
طرغش,ط,ر,غ,ش,ل
طرفس,ط,ر,ف,س,ل
طرفش,ط,ر,ف,ش,ل
طرمح,ط,ر,م,ح,م
طرمذ,ط,ر,م,ذ,ل
طرمس,ط,ر,م,س,ك
طرمش,ط,ر,م,ش,ل
طريم,ط,ر,ي,م,ل
طرين,ط,ر,ي,ن,ل
طعرب,ط,ع,ر,ب,ل
طعسق,ط,ع,س,ق,ل
طفطف,ط,ف,ط,ف,ل
طقطق,ط,ق,ط,ق,ك
طلحن,ط,ل,ح,ن,م
طلخن,ط,ل,خ,ن,م
طلسم,ط,ل,س,م,ك
طلطل,ط,ل,ط,ل,ك
طلفح,ط,ل,ف,ح,م
طلمس,ط,ل,م,س,ك
طمأن,ط,م,أ,ن,ك
طمحر,ط,م,ح,ر,م
طمرس,ط,م,ر,س,ل
طمسل,ط,م,س,ل,ل
طمطم,ط,م,ط,م,ل
طملس,ط,م,ل,س,ل
طنبل,ط,ن,ب,ل,ل
طنثر,ط,ن,ث,ر,ل
طنطن,ط,ن,ط,ن,ل
طنفس,ط,ن,ف,س,ل
طنفش,ط,ن,ف,ش,ك
طهفل,ط,ه,ف,ل,ل
طهلب,ط,ه,ل,ب,ل
طهيل,ط,ه,ي,ل,ل
طيسل,ط,ي,س,ل,ل
ظأظأ,ظ,أ,ظ,أ,ل
ظبظب,ظ,ب,ظ,ب,ل
عبعب,ع,ب,ع,ب,ل
عبقر,ع,ب,ق,ر,ل
عبهل,ع,ب,ه,ل,م
عترس,ع,ت,ر,س,ك
عترف,ع,ت,ر,ف,ل
عتعت,ع,ت,ع,ت,ل
عثجر,ع,ث,ج,ر,ل
عثعث,ع,ث,ع,ث,ك
عثكل,ع,ث,ك,ل,ك
عثلب,ع,ث,ل,ب,ك
عجرم,ع,ج,ر,م,ل
عجعج,ع,ج,ع,ج,ل
عجلز,ع,ج,ل,ز,ل
عدرس,ع,د,ر,س,م
عدعد,ع,د,ع,د,ل
عدهر,ع,د,ه,ر,ل
عذلج,ع,ذ,ل,ج,م
عذيط,ع,ذ,ي,ط,ل
عربد,ع,ر,ب,د,ل
عربن,ع,ر,ب,ن,م
عرتن,ع,ر,ت,ن,م
عرجن,ع,ر,ج,ن,م
عردس,ع,ر,د,س,م
عرصف,ع,ر,ص,ف,م
عرطز,ع,ر,ط,ز,ل
عرطس,ع,ر,ط,س,ل
عرطل,ع,ر,ط,ل,ل
عرعر,ع,ر,ع,ر,م
عرفص,ع,ر,ف,ص,م
عرقب,ع,ر,ق,ب,ك
عرقل,ع,ر,ق,ل,ك
عركس,ع,ر,ك,س,ك
عرمس,ع,ر,م,س,ل
عرمض,ع,ر,م,ض,ل
عروش,ع,ر,و,ش,ك
عزعز,ع,ز,ع,ز,ك
عسجر,ع,س,ج,ر,ك
عسحر,ع,س,ح,ر,ك
عسطل,ع,س,ط,ل,ل
عسطم,ع,س,ط,م,م
عسعس,ع,س,ع,س,ك
عسقب,ع,س,ق,ب,ل
عسقف,ع,س,ق,ف,ل
عسكر,ع,س,ك,ر,ك
عسلب,ع,س,ل,ب,ل
عسلج,ع,س,ل,ج,ل
عشجذ,ع,ش,ج,ذ,ل
عشرق,ع,ش,ر,ق,ل
عصفر,ع,ص,ف,ر,م
عصلب,ع,ص,ل,ب,ل
عصلج,ع,ص,ل,ج,ل
عصود,ع,ص,و,د,ل
عضبر,ع,ض,ب,ر,ل
عطرد,ع,ط,ر,د,م
عطعط,ع,ط,ع,ط,ك
عطلس,ع,ط,ل,س,ل
عظعظ,ع,ظ,ع,ظ,ك
عفرس,ع,ف,ر,س,م
عفضج,ع,ف,ض,ج,ل
عفطل,ع,ف,ط,ل,م
عفعف,ع,ف,ع,ف,ل
عفقس,ع,ف,ق,س,م
عفلط,ع,ف,ل,ط,م
عفنش,ع,ف,ن,ش,ل
عقرب,ع,ق,ر,ب,ل
عقعق,ع,ق,ع,ق,ل
عقفر,ع,ق,ف,ر,ك
عقفز,ع,ق,ف,ز,ل
عكبس,ع,ك,ب,س,م
عكبش,ع,ك,ب,ش,م
عكرد,ع,ك,ر,د,ل
عكرش,ع,ك,ر,ش,ل
عكشب,ع,ك,ش,ب,م
علبي,ع,ل,ب,ي,ك
علسط,ع,ل,س,ط,م
علطس,ع,ل,ط,س,ل
علفص,ع,ل,ف,ص,م
علفط,ع,ل,ف,ط,م
علقم,ع,ل,ق,م,ك
علكس,ع,ل,ك,س,ل
علمن,ع,ل,م,ن,م
علهج,ع,ل,ه,ج,م
علهد,ع,ل,ه,د,م
علهس,ع,ل,ه,س,م
علهص,ع,ل,ه,ص,ك
علهض,ع,ل,ه,ض,ك
علود,ع,ل,و,د,ل
علون,ع,ل,و,ن,م
عمرط,ع,م,ر,ط,م
عمعم,ع,م,ع,م,ل
عملس,ع,م,ل,س,ل
عملق,ع,م,ل,ق,ل
عنبس,ع,ن,ب,س,ل
عنتت,ع,ن,ت,ت,ل
عنتر,ع,ن,ت,ر,ك
عنتل,ع,ن,ت,ل,م
عنجد,ع,ن,ج,د,ل
عنجر,ع,ن,ج,ر,ل
عندل,ع,ن,د,ل,ل
عنذي,ع,ن,ذ,ي,ل
عنزق,ع,ن,ز,ق,ل
عنشط,ع,ن,ش,ط,ل
عنصر,ع,ن,ص,ر,م
عنظل,ع,ن,ظ,ل,ل
عنظي,ع,ن,ظ,ي,ك
عنعن,ع,ن,ع,ن,ل
عنفش,ع,ن,ف,ش,ل
عنقد,ع,ن,ق,د,م
عنقش,ع,ن,ق,ش,ل
عنكر,ع,ن,ك,ر,ل
عنكش,ع,ن,ك,ش,ك
عنون,ع,ن,و,ن,م
عهعه,ع,ه,ع,ه,ل
عودق,ع,و,د,ق,ك
عوعي,ع,و,ع,ي,ل
عولم,ع,و,ل,م,م
عومر,ع,و,م,ر,ك
عوهب,ع,و,ه,ب,م
عوهق,ع,و,ه,ق,ك
عيثر,ع,ي,ث,ر,م
عيدن,ع,ي,د,ن,ل
عيزر,ع,ي,ز,ر,م
عيعي,ع,ي,ع,ي,ل
عيهر,ع,ي,ه,ر,ل
عيهل,ع,ي,ه,ل,م
عيهم,ع,ي,ه,م,ل
غأغأ,غ,أ,غ,أ,ل
غبغب,غ,ب,غ,ب,ل
غترف,غ,ت,ر,ف,ل
غثغث,غ,ث,غ,ث,ك
غثلب,غ,ث,ل,ب,م
غثمر,غ,ث,م,ر,م
غدفل,غ,د,ف,ل,ل
غذرم,غ,ذ,ر,م,ك
غذغذ,غ,ذ,غ,ذ,ل
غذمر,غ,ذ,م,ر,ك
غربل,غ,ر,ب,ل,ك
غردق,غ,ر,د,ق,ك
غرغر,غ,ر,غ,ر,ك
غرقأ,غ,ر,ق,أ,ك
غرقل,غ,ر,ق,ل,ل
غرنق,غ,ر,ن,ق,ل
غزغز,غ,ز,غ,ز,ك
غسغس,غ,س,غ,س,م
غسنب,غ,س,ن,ب,م
غشبل,غ,ش,ب,ل,م
غشمر,غ,ش,م,ر,ك
غصلج,غ,ص,ل,ج,م
غصلق,غ,ص,ل,ق,م
غضغض,غ,ض,غ,ض,ك
غضفر,غ,ض,ف,ر,ل
غضور,غ,ض,و,ر,ل
غطرس,غ,ط,ر,س,ك
غطرش,غ,ط,ر,ش,ك
غطرف,غ,ط,ر,ف,ل
غطغط,غ,ط,غ,ط,ل
غطمش,غ,ط,م,ش,م
غطمط,غ,ط,م,ط,ل
غقغق,غ,ق,غ,ق,ل
غلصم,غ,ل,ص,م,م
غلغل,غ,ل,غ,ل,ك
غلفق,غ,ل,ف,ق,ك
غمجر,غ,م,ج,ر,ك
غمذر,غ,م,ذ,ر,ك
غمغم,غ,م,غ,م,ك
غنثر,غ,ن,ث,ر,ل
غيدق,غ,ي,د,ق,ل
غيطل,غ,ي,ط,ل,ل
غيفق,غ,ي,ف,ق,م
غيهق,غ,ي,ه,ق,ك
فأفأ,ف,أ,ف,أ,ل
فبرك,ف,ب,ر,ك,م
فترص,ف,ت,ر,ص,م
فتفت,ف,ت,ف,ت,ك
فجفج,ف,ج,ف,ج,ل
فحفح,ف,ح,ف,ح,ل
فخفخ,ف,خ,ف,خ,ل
فدغم,ف,د,غ,م,ل
فدفد,ف,د,ف,د,ل
فذفذ,ف,ذ,ف,ذ,ل
فذلك,ف,ذ,ل,ك,م
فربج,ف,ر,ب,ج,ل
فرتخ,ف,ر,ت,خ,ل
فرتك,ف,ر,ت,ك,ك
فرتن,ف,ر,ت,ن,ل
فرثد,ف,ر,ث,د,ل
فرجل,ف,ر,ج,ل,ل
فرجن,ف,ر,ج,ن,م
فردس,ف,ر,د,س,ك
فرزل,ف,ر,ز,ل,م
فرسح,ف,ر,س,ح,ل
فرسخ,ف,ر,س,خ,ل
فرشح,ف,ر,ش,ح,ل
فرشد,ف,ر,ش,د,ل
فرشط,ف,ر,ش,ط,ك
فرصم,ف,ر,ص,م,م
فرصن,ف,ر,ص,ن,م
فرطح,ف,ر,ط,ح,م
فرطس,ف,ر,ط,س,ل
فرطش,ف,ر,ط,ش,ل
فرطم,ف,ر,ط,م,م
فرعن,ف,ر,ع,ن,ك
فرفر,ف,ر,ف,ر,ك
فرفط,ف,ر,ف,ط,م
فرقع,ف,ر,ق,ع,ك
فرمل,ف,ر,م,ل,ل
فرنأ,ف,ر,ن,أ,م
فرنج,ف,ر,ن,ج,م
فرنس,ف,ر,ن,س,ل
فرهد,ف,ر,ه,د,ل
فروز,ف,ر,و,ز,ل
فزرق,ف,ز,ر,ق,ل
فزفز,ف,ز,ف,ز,ك
فسفت,ف,س,ف,ت,م
فسفس,ف,س,ف,س,ل
فسكل,ف,س,ك,ل,ك
فشفش,ف,ش,ف,ش,ك
فصفص,ف,ص,ف,ص,ك
فضفض,ف,ض,ف,ض,ك
فطفط,ف,ط,ف,ط,ل
فعفع,ف,ع,ف,ع,ل
فعمل,ف,ع,م,ل,ل
فقحل,ف,ق,ح,ل,ل
فقفق,ف,ق,ف,ق,ل
فلتر,ف,ل,ت,ر,م
فلسف,ف,ل,س,ف,م
فلطح,ف,ل,ط,ح,م
فلفل,ف,ل,ف,ل,ك
فلقح,ف,ل,ق,ح,م
فلقط,ف,ل,ق,ط,ل
فنجل,ف,ن,ج,ل,ل
فنخر,ف,ن,خ,ر,ل
فندس,ف,ن,د,س,ل
فندش,ف,ن,د,ش,ك
فنشخ,ف,ن,ش,خ,ك
فنشل,ف,ن,ش,ل,م
فنشي,ف,ن,ش,ي,م
فنفن,ف,ن,ف,ن,ل
فهرس,ف,ه,ر,س,م
فهفه,ف,ه,ف,ه,ل
فولذ,ف,و,ل,ذ,م
فيحق,ف,ي,ح,ق,ل
فيهر,ف,ي,ه,ر,ل
قبقب,ق,ب,ق,ب,ل
قترد,ق,ت,ر,د,ل
قثقث,ق,ث,ق,ث,م
قحثر,ق,ح,ث,ر,م
قحذم,ق,ح,ذ,م,ل
قحزل,ق,ح,ز,ل,م
قحزم,ق,ح,ز,م,م
قحطب,ق,ح,ط,ب,م
قحطر,ق,ح,ط,ر,م
قحفز,ق,ح,ف,ز,ك
قحفل,ق,ح,ف,ل,م
قحلز,ق,ح,ل,ز,ل
قحلف,ق,ح,ل,ف,م
قذقذ,ق,ذ,ق,ذ,ل
قرثع,ق,ر,ث,ع,ل
قردح,ق,ر,د,ح,ل
قردس,ق,ر,د,س,م
قردع,ق,ر,د,ع,ل
قرزل,ق,ر,ز,ل,م
قرزم,ق,ر,ز,م,م
قرسم,ق,ر,س,م,ل
قرشح,ق,ر,ش,ح,ل
قرشم,ق,ر,ش,م,م
قرصب,ق,ر,ص,ب,م
قرصع,ق,ر,ص,ع,ك
قرصم,ق,ر,ص,م,م
قرصن,ق,ر,ص,ن,ك
قرضب,ق,ر,ض,ب,ك
قرضم,ق,ر,ض,م,م
قرطب,ق,ر,ط,ب,ك
قرطس,ق,ر,ط,س,ل
قرطق,ق,ر,ط,ق,م
قرطم,ق,ر,ط,م,م
قرفص,ق,ر,ف,ص,م
قرفط,ق,ر,ف,ط,ل
قرفل,ق,ر,ف,ل,م
قرقر,ق,ر,ق,ر,ل
قرقس,ق,ر,ق,س,ك
قرقش,ق,ر,ق,ش,ك
قرقص,ق,ر,ق,ص,ل
قرقع,ق,ر,ق,ع,ل
قرقف,ق,ر,ق,ف,ل
قرقم,ق,ر,ق,م,م
قرمد,ق,ر,م,د,ك
قرمز,ق,ر,م,ز,م
قرمش,ق,ر,م,ش,م
قرمص,ق,ر,م,ص,م
قرمط,ق,ر,م,ط,ك
قرمل,ق,ر,م,ل,م
قرنس,ق,ر,ن,س,ك
قرنص,ق,ر,ن,ص,ك
قرني,ق,ر,ن,ي,م
قزبر,ق,ز,ب,ر,م
قزقز,ق,ز,ق,ز,م
قسبر,ق,س,ب,ر,م
قسطر,ق,س,ط,ر,م
قسقس,ق,س,ق,س,ك
قسور,ق,س,و,ر,ل
قشعر,ق,ش,ع,ر,م
قشقش,ق,ش,ق,ش,ك
قشور,ق,ش,و,ر,م
قصبل,ق,ص,ب,ل,م
قصدر,ق,ص,د,ر,م
قصفل,ق,ص,ف,ل,م
قصقص,ق,ص,ق,ص,ك
قصمل,ق,ص,م,ل,ك
قضقض,ق,ض,ق,ض,ك
قطرب,ق,ط,ر,ب,ل
قطرن,ق,ط,ر,ن,م
قطقط,ق,ط,ق,ط,ل
قعبل,ق,ع,ب,ل,ل
قعثر,ق,ع,ث,ر,م
قعرط,ق,ع,ر,ط,م
قعسب,ق,ع,س,ب,ل
قعسر,ق,ع,س,ر,ك
قعضب,ق,ع,ض,ب,م
قعطب,ق,ع,ط,ب,م
قعطر,ق,ع,ط,ر,م
قعطل,ق,ع,ط,ل,ك
قعفز,ق,ع,ف,ز,ك
قعقع,ق,ع,ق,ع,ك
قعمس,ق,ع,م,س,ل
قعمص,ق,ع,م,ص,ل
قعمل,ق,ع,م,ل,م
قعنس,ق,ع,ن,س,ل
قعوش,ق,ع,و,ش,م
قعوط,ق,ع,و,ط,م
قفتل,ق,ف,ت,ل,م
قفطل,ق,ف,ط,ل,م
قفقف,ق,ف,ق,ف,ل
قفلط,ق,ف,ل,ط,م
قلزم,ق,ل,ز,م,ك
قلسي,ق,ل,س,ي,م
قلفح,ق,ل,ف,ح,م
قلقل,ق,ل,ق,ل,ك
قلمع,ق,ل,م,ع,م
قلنس,ق,ل,ن,س,ك
قمجر,ق,م,ج,ر,م
قمرص,ق,م,ر,ص,ل
قمطر,ق,م,ط,ر,ك
قمعل,ق,م,ع,ل,ل
قمقم,ق,م,ق,م,م
قنبل,ق,ن,ب,ل,ل
قنثل,ق,ن,ث,ل,ل
قندس,ق,ن,د,س,ل
قندل,ق,ن,د,ل,ل
قنسر,ق,ن,س,ر,ك
قنطث,ق,ن,ط,ث,ل
قنطر,ق,ن,ط,ر,ك
قنفش,ق,ن,ف,ش,ك
قنفل,ق,ن,ف,ل,ل
قهبل,ق,ه,ب,ل,ك
قهقر,ق,ه,ق,ر,ل
قهقع,ق,ه,ق,ع,ل
قهقه,ق,ه,ق,ه,ل
قهمز,ق,ه,م,ز,ل
قهوس,ق,ه,و,س,ل
قوزع,ق,و,ز,ع,ل
قوعل,ق,و,ع,ل,ل
قوقأ,ق,و,ق,أ,ل
قوقس,ق,و,ق,س,ل
قوقل,ق,و,ق,ل,ل
قولب,ق,و,ل,ب,م
كأكأ,ك,أ,ك,أ,ل
كبرت,ك,ب,ر,ت,م
كبكب,ك,ب,ك,ب,م
كترم,ك,ت,ر,م,ل
كتكت,ك,ت,ك,ت,ل
كثكث,ك,ث,ك,ث,ل
كحكح,ك,ح,ك,ح,ل
كدكد,ك,د,ك,د,ك
كربج,ك,ر,ب,ج,ك
كربد,ك,ر,ب,د,ل
كربس,ك,ر,ب,س,ل
كربش,ك,ر,ب,ش,ك
كربع,ك,ر,ب,ع,م
كربل,ك,ر,ب,ل,ك
كرتح,ك,ر,ت,ح,ك
كرتع,ك,ر,ت,ع,ك
كرتم,ك,ر,ت,م,ل
كرثأ,ك,ر,ث,أ,ل
كردح,ك,ر,د,ح,ك
كردس,ك,ر,د,س,ك
كردم,ك,ر,د,م,ك
كرزم,ك,ر,ز,م,ل
كرسع,ك,ر,س,ع,ك
كرسم,ك,ر,س,م,ل
كرصم,ك,ر,ص,م,ل
كرضم,ك,ر,ض,م,ل
كرفأ,ك,ر,ف,أ,ل
كرفس,ك,ر,ف,س,ك
كركب,ك,ر,ك,ب,ك
كركر,ك,ر,ك,ر,ك
كركس,ك,ر,ك,س,ك
كرمش,ك,ر,م,ش,ل
كرنب,ك,ر,ن,ب,ك
كرنف,ك,ر,ن,ف,م
كزعم,ك,ز,ع,م,ل
كزكز,ك,ز,ك,ز,م
كزمل,ك,ز,م,ل,ل
كشكش,ك,ش,ك,ش,ك
كشمر,ك,ش,م,ر,ك
كصكص,ك,ص,ك,ص,ل
كضكض,ك,ض,ك,ض,ل
كظكظ,ك,ظ,ك,ظ,ل
كعبر,ك,ع,ب,ر,م
كعبس,ك,ع,ب,س,ل
كعبش,ك,ع,ب,ش,ك
كعتر,ك,ع,ت,ر,ل
كعثر,ك,ع,ث,ر,ل
كعرم,ك,ع,ر,م,ل
كعسب,ك,ع,س,ب,ل
كعسم,ك,ع,س,م,ل
كعضل,ك,ع,ض,ل,ل
كعطل,ك,ع,ط,ل,ل
كعظل,ك,ع,ظ,ل,ل
كعكع,ك,ع,ك,ع,ك
كعمر,ك,ع,م,ر,ل
كفكف,ك,ف,ك,ف,م
كلبش,ك,ل,ب,ش,م
كلثم,ك,ل,ث,م,ل
كلحب,ك,ل,ح,ب,م
كلسم,ك,ل,س,م,ل
كلشم,ك,ل,ش,م,ل
كلصم,ك,ل,ص,م,ل
كلمس,ك,ل,م,س,ل
كلمش,ك,ل,م,ش,ل
كلمص,ك,ل,م,ص,ل
كلهس,ك,ل,ه,س,ك
كمسر,ك,م,س,ر,ك
كمعر,ك,م,ع,ر,ل
كمكم,ك,م,ك,م,ك
كمهل,ك,م,ه,ل,ك
كنبت,ك,ن,ب,ت,ل
كنتأ,ك,ن,ت,أ,ل
كنثأ,ك,ن,ث,أ,ل
كنعث,ك,ن,ع,ث,ل
كنعر,ك,ن,ع,ر,ل
كنفش,ك,ن,ف,ش,ل
كنكن,ك,ن,ك,ن,ل
كنهف,ك,ن,ه,ف,ل
كهرب,ك,ه,ر,ب,م
كهكه,ك,ه,ك,ه,ل
كهمس,ك,ه,م,س,ل
كودأ,ك,و,د,أ,ل
كودن,ك,و,د,ن,ل
كوسج,ك,و,س,ج,ل
كوعر,ك,و,ع,ر,ل
كوكب,ك,و,ك,ب,ل
كوكي,ك,و,ك,ي,ل
لألأ,ل,أ,ل,أ,ك
لبلب,ل,ب,ل,ب,ل
لثلث,ل,ث,ل,ث,ك
لجلج,ل,ج,ل,ج,ك
لحلح,ل,ح,ل,ح,ل
لحوج,ل,ح,و,ج,م
لخبط,ل,خ,ب,ط,م
لخلخ,ل,خ,ل,خ,م
لذلذ,ل,ذ,ل,ذ,ل
لسلس,ل,س,ل,س,م
لصلص,ل,ص,ل,ص,م
لضلض,ل,ض,ل,ض,ل
لظلظ,ل,ظ,ل,ظ,ك
لعثم,ل,ع,ث,م,ل
لعظم,ل,ع,ظ,م,م
لعلع,ل,ع,ل,ع,ك
لعمظ,ل,ع,م,ظ,ك
لغلغ,ل,غ,ل,غ,م
لغوس,ل,غ,و,س,ل
لفلف,ل,ف,ل,ف,ل
لقلق,ل,ق,ل,ق,ك
لملم,ل,م,ل,م,م
لهذم,ل,ه,ذ,م,م
لهزم,ل,ه,ز,م,م
لهسم,ل,ه,س,م,م
لهله,ل,ه,ل,ه,ك
لهمس,ل,ه,م,س,م
لهوج,ل,ه,و,ج,ك
لهوق,ل,ه,و,ق,ك
لولب,ل,و,ل,ب,م
مأمأ,م,أ,م,أ,ل
متمت,م,ت,م,ت,ل
مثمث,م,ث,م,ث,ك
مجمج,م,ج,م,ج,ك
محلس,م,ح,ل,س,م
محمح,م,ح,م,ح,ك
محور,م,ح,و,ر,م
مخرق,م,خ,ر,ق,ل
مخطر,م,خ,ط,ر,م
مخمخ,م,خ,م,خ,م
مدرع,م,د,ر,ع,م
مدمد,م,د,م,د,ل
مدين,م,د,ي,ن,م
مذحج,م,ذ,ح,ج,ل
مذرق,م,ذ,ر,ق,ل
مذمذ,م,ذ,م,ذ,ل
مذهب,م,ذ,ه,ب,ك
مرجح,م,ر,ج,ح,م
مرجل,م,ر,ج,ل,م
مرحب,م,ر,ح,ب,م
مرحل,م,ر,ح,ل,م
مرطل,م,ر,ط,ل,م
مركز,م,ر,ك,ز,م
مرمر,م,ر,م,ر,ك
مرمغ,م,ر,م,غ,م
مرهم,م,ر,ه,م,م
مزمز,م,ز,م,ز,م
مسخر,م,س,خ,ر,م
مسطر,م,س,ط,ر,م
مسلم,م,س,ل,م,م
مسمر,م,س,م,ر,م
مسمس,م,س,م,س,ل
مشمش,م,ش,م,ش,ك
مشور,م,ش,و,ر,م
مشيخ,م,ش,ي,خ,م
مصطك,م,ص,ط,ك,م
مصمص,م,ص,م,ص,ك
مضمض,م,ض,م,ض,ك
مطمط,م,ط,م,ط,ل
مطوح,م,ط,و,ح,م
مظهر,م,ظ,ه,ر,م
معمع,م,ع,م,ع,ك
مغمغ,م,غ,م,غ,ك
مغنط,م,غ,ن,ط,م
مقمق,م,ق,م,ق,ك
مكمك,م,ك,م,ك,ك
مكنن,م,ك,ن,ن,ل
ململ,م,ل,م,ل,ك
مندل,م,ن,د,ل,م
منطق,م,ن,ط,ق,م
منهج,م,ن,ه,ج,م
مهمز,م,ه,م,ز,م
مهمه,م,ه,م,ه,ك
موضع,م,و,ض,ع,م
موطن,م,و,ط,ن,م
ميكن,م,ي,ك,ن,م
نأمل,ن,أ,م,ل,ل
نأنأ,ن,أ,ن,أ,ك
نبذر,ن,ب,ذ,ر,م
نبنب,ن,ب,ن,ب,ل
نترج,ن,ت,ر,ج,م
نتنت,ن,ت,ن,ت,ل
نثنث,ن,ث,ن,ث,ك
نجنج,ن,ج,ن,ج,ك
نحنح,ن,ح,ن,ح,ك
نخرب,ن,خ,ر,ب,ك
نخنخ,ن,خ,ن,خ,ك
نرفز,ن,ر,ف,ز,م
نزنز,ن,ز,ن,ز,ك
نسنس,ن,س,ن,س,ك
نشنش,ن,ش,ن,ش,ك
نشور,ن,ش,و,ر,ل
نصنص,ن,ص,ن,ص,ك
نضنض,ن,ض,ن,ض,ك
نطنط,ن,ط,ن,ط,ك
نعثل,ن,ع,ث,ل,ك
نعدل,ن,ع,د,ل,ل
نعظل,ن,ع,ظ,ل,ل
نفرج,ن,ف,ر,ج,ل
نقرد,ن,ق,ر,د,ل
نقرش,ن,ق,ر,ش,ك
نقنق,ن,ق,ن,ق,ل
نكنك,ن,ك,ن,ك,ك
نمرد,ن,م,ر,د,ل
نمنم,ن,م,ن,م,م
نهبل,ن,ه,ب,ل,ل
نهتر,ن,ه,ت,ر,ل
نهرج,ن,ه,ر,ج,م
نهسر,ن,ه,س,ر,م
نهشل,ن,ه,ش,ل,ك
نهمس,ن,ه,م,س,م
نههل,ن,ه,ه,ل,ك
نودأ,ن,و,د,أ,ل
نودل,ن,و,د,ل,ل
نورج,ن,و,ر,ج,ك
نورز,ن,و,ر,ز,ل
نيرب,ن,ي,ر,ب,ك
نيرج,ن,ي,ر,ج,ك
نيسب,ن,ي,س,ب,ل
هأهأ,ه,أ,ه,أ,ل
هبرج,ه,ب,ر,ج,ك
هبرس,ه,ب,ر,س,ل
هبرم,ه,ب,ر,م,ل
هبهب,ه,ب,ه,ب,ك
هتلم,ه,ت,ل,م,ل
هتمر,ه,ت,م,ر,ل
هتمل,ه,ت,م,ل,ل
هتمن,ه,ت,م,ن,ل
هتهت,ه,ت,ه,ت,ك
هثمر,ه,ث,م,ر,ل
هثهث,ه,ث,ه,ث,ك
هجهج,ه,ج,ه,ج,ك
هدرج,ه,د,ر,ج,م
هدكر,ه,د,ك,ر,ل
هدمل,ه,د,م,ل,ل
هدهد,ه,د,ه,د,ك
هذخر,ه,ذ,خ,ر,ل
هذرب,ه,ذ,ر,ب,ل
هذرف,ه,ذ,ر,ف,ل
هذرم,ه,ذ,ر,م,ك
هذلب,ه,ذ,ل,ب,ل
هربذ,ه,ر,ب,ذ,ل
هرجب,ه,ر,ج,ب,ل
هرجل,ه,ر,ج,ل,ل
هردب,ه,ر,د,ب,ل
هردل,ه,ر,د,ل,ل
هرشف,ه,ر,ش,ف,ل
هرطم,ه,ر,ط,م,م
هرمز,ه,ر,م,ز,ك
هرمس,ه,ر,م,س,ل
هرمط,ه,ر,م,ط,م
هرمل,ه,ر,م,ل,ك
هرنف,ه,ر,ن,ف,ل
هرهر,ه,ر,ه,ر,ك
هروز,ه,ر,و,ز,ل
هرول,ه,ر,و,ل,ل
هزبر,ه,ز,ب,ر,م
هزبل,ه,ز,ب,ل,ل
هزرق,ه,ز,ر,ق,ل
هزلج,ه,ز,ل,ج,ل
هزمر,ه,ز,م,ر,م
هزهز,ه,ز,ه,ز,م
هسهس,ه,س,ه,س,ك
هشهش,ه,ش,ه,ش,م
هصهص,ه,ص,ه,ص,م
هضهض,ه,ض,ه,ض,م
هطلس,ه,ط,ل,س,ك
هطهط,ه,ط,ه,ط,ل
هفهف,ه,ف,ه,ف,ك
هقهق,ه,ق,ه,ق,ل
هكهك,ه,ك,ه,ك,ل
هلقم,ه,ل,ق,م,م
هلهل,ه,ل,ه,ل,ك
هلوس,ه,ل,و,س,ل
هلوع,ه,ل,و,ع,ل
همرج,ه,م,ر,ج,ك
هملج,ه,م,ل,ج,ك
هملط,ه,م,ل,ط,م
همهم,ه,م,ه,م,ك
هنبت,ه,ن,ب,ت,ل
هنبس,ه,ن,ب,س,ل
هنبص,ه,ن,ب,ص,ل
هنبع,ه,ن,ب,ع,ل
هنبغ,ه,ن,ب,غ,ل
هنبل,ه,ن,ب,ل,ل
هنتب,ه,ن,ت,ب,ل
هندز,ه,ن,د,ز,م
هندس,ه,ن,د,س,م
هندم,ه,ن,د,م,م
هوبر,ه,و,ب,ر,ل
هوجل,ه,و,ج,ل,ل
هوذل,ه,و,ذ,ل,ل
هيعر,ه,ي,ع,ر,ل
هيكل,ه,ي,ك,ل,ل
هيلل,ه,ي,ل,ل,ل
هيمن,ه,ي,م,ن,ل
هينم,ه,ي,ن,م,ل
وأوأ,و,أ,و,أ,ل
وحوح,و,ح,و,ح,ل
وذوذ,و,ذ,و,ذ,ل
ورنش,و,ر,ن,ش,م
ورور,و,ر,و,ر,ك
وزوز,و,ز,و,ز,ك
وسوس,و,س,و,س,ك
وشوش,و,ش,و,ش,ك
وصوص,و,ص,و,ص,ك
وطوط,و,ط,و,ط,ل
وعوع,و,ع,و,ع,ك
وقوق,و,ق,و,ق,ل
وكوك,و,ك,و,ك,ل
ولول,و,ل,و,ل,ل
وهوه,و,ه,و,ه,ل
يأيأ,ي,أ,ي,أ,ل
يرنأ,ي,ر,ن,أ,م
يعيع,ي,ع,ي,ع,ل
يهيه,ي,ه,ي,ه,ل
